last,ticker,tx_date,side,amount_raw
collins,MSFT,2014-01-29,buy,"$1,001 - $15,000"
collins,C,2014-01-29,sell,"$1,001 - $15,000"
collins,EBAY,2014-01-28,sell,"$1,001 - $15,000"
collins,FB,2014-01-24,buy,"$1,001 - $15,000"
collins,CRM,2014-01-24,buy,"$1,001 - $15,000"
collins,GE,2014-01-24,sell,"$1,001 - $15,000"
collins,REGN,2014-01-30,sell,"$1,001 - $15,000"
collins,CELG,2014-01-30,sell,"$1,001 - $15,000"
collins,GM,2014-01-30,sell,"$1,001 - $15,000"
collins,MSFT,2014-01-30,buy,"$1,001 - $15,000"
collins,HON,2014-01-30,buy,"$1,001 - $15,000"
collins,CVS,2014-01-30,buy,"$1,001 - $15,000"
collins,BA,2014-02-04,sell,"$1,001 - $15,000"
collins,FB,2014-02-04,buy,"$1,001 - $15,000"
collins,CP,2014-02-04,buy,"$1,001 - $15,000"
collins,GE,2014-01-31,sell,"$1,001 - $15,000"
collins,BA,2014-02-07,sell,"$1,001 - $15,000"
collins,CVX,2014-02-06,sell,"$1,001 - $15,000"
collins,MCK,2014-02-06,buy,"$1,001 - $15,000"
collins,MSFT,2014-02-06,buy,"$1,001 - $15,000"
collins,HON,2014-02-06,buy,"$1,001 - $15,000"
collins,CMCSA,2014-02-06,buy,"$1,001 - $15,000"
collins,LNKD,2014-02-12,sell,"$1,001 - $15,000"
collins,NWSA,2014-02-11,sell,"$1,001 - $15,000"
collins,CRM,2014-02-11,buy,"$1,001 - $15,000"
collins,MCK,2014-02-13,buy,"$1,001 - $15,000"
collins,FB,2014-02-19,buy,"$1,001 - $15,000"
collins,AIG,2014-02-20,sell,"$1,001 - $15,000"
cruz,EPD,2014-02-21,buy,"$50,001 - $100,000"
whitehouse,CLX,2014-01-31,sell,"$15,001 - $50,000"
whitehouse,AAPL,2014-02-10,sell,"$15,001 - $50,000"
whitehouse,EMR,2014-02-10,sell,"$1,001 - $15,000"
whitehouse,GIS,2014-02-10,sell,"$15,001 - $50,000"
whitehouse,NSRGY,2014-02-10,sell,"$15,001 - $50,000"
whitehouse,BA,2014-01-29,sell,"$15,001 - $50,000"
whitehouse,SYMC,2014-01-29,sell,"$15,001 - $50,000"
whitehouse,V,2014-02-10,buy,"$15,001 - $50,000"
whitehouse,NEE,2014-02-10,buy,"$15,001 - $50,000"
whitehouse,CMRE,2014-02-10,buy,"$15,001 - $50,000"
whitehouse,LNKD,2014-01-29,buy,"$1,001 - $15,000"
whitehouse,MO,2014-01-31,buy,"$1,001 - $15,000"
whitehouse,LOW,2014-01-31,buy,"$1,001 - $15,000"
collins,ESRX,2014-02-26,sell,"$1,001 - $15,000"
collins,RHT,2014-02-26,buy,"$1,001 - $15,000"
collins,MCK,2014-02-26,buy,"$1,001 - $15,000"
reed,VOD,2014-02-21,sell,"$1,001 - $15,000"
carper,SJR,2014-02-21,buy,"$1,001 - $15,000"
carper,EC,2014-02-27,sell,"$1,001 - $15,000"
carper,RIG,2014-02-27,buy,"$1,001 - $15,000"
hoeven,IBM,2014-02-19,buy,"$50,001 - $100,000"
hoeven,VFC,2014-02-19,buy,"$50,001 - $100,000"
hoeven,CTSH,2014-02-19,buy,"$50,001 - $100,000"
collins,NWL,2014-03-12,sell,"$1,001 - $15,000"
collins,ACE,2014-03-11,sell,"$1,001 - $15,000"
collins,VRX,2014-03-11,buy,"$1,001 - $15,000"
collins,FB,2014-03-07,buy,"$1,001 - $15,000"
collins,SLB,2014-03-07,buy,"$1,001 - $15,000"
collins,GE,2014-03-07,sell,"$1,001 - $15,000"
collins,RHT,2014-03-04,buy,"$1,001 - $15,000"
collins,AIG,2014-03-18,sell,"$1,001 - $15,000"
collins,BA,2014-03-19,buy,"$1,001 - $15,000"
collins,CRM,2014-03-19,sell,"$1,001 - $15,000"
collins,AEP,2014-03-14,sell,"$1,001 - $15,000"
whitehouse,JPJQL,2014-03-13,buy,"$15,001 - $50,000"
whitehouse,CLX,2014-03-13,sell,"$1,001 - $15,000"
whitehouse,GE,2014-03-13,sell,"$1,001 - $15,000"
whitehouse,AAPL,2014-03-13,sell,"$1,001 - $15,000"
whitehouse,KO,2014-03-13,sell,"$1,001 - $15,000"
whitehouse,VFC,2014-03-13,sell,"$1,001 - $15,000"
whitehouse,ORCL,2014-02-19,buy,"$1,001 - $15,000"
whitehouse,VAR,2014-02-19,sell,"$15,001 - $50,000"
whitehouse,TWX,2014-02-19,buy,"$1,001 - $15,000"
whitehouse,JPM,2014-02-19,buy,"$1,001 - $15,000"
whitehouse,BEAV,2014-03-13,buy,"$15,001 - $50,000"
whitehouse,DHR,2014-02-25,sell,"$1,001 - $15,000"
whitehouse,PANW,2014-02-25,buy,"$1,001 - $15,000"
whitehouse,QLIK,2014-02-25,buy,"$1,001 - $15,000"
whitehouse,V,2014-02-19,buy,"$15,001 - $50,000"
whitehouse,EL,2014-02-19,buy,"$1,001 - $15,000"
whitehouse,ACE,2014-02-19,buy,"$1,001 - $15,000"
whitehouse,CLX,2014-02-19,sell,"$15,001 - $50,000"
reed,ZMH,2014-03-17,buy,"$1,001 - $15,000"
collins,M,2014-03-27,buy,"$1,001 - $15,000"
collins,MSFT,2014-03-27,buy,"$1,001 - $15,000"
collins,BIIB,2014-03-27,sell,"$1,001 - $15,000"
collins,CELG,2014-03-27,sell,"$1,001 - $15,000"
roberts,KSU,2014-03-05,buy,"$1,001 - $15,000"
roberts,BAC,2014-03-10,buy,"$1,001 - $15,000"
roberts,BAC,2014-03-14,buy,"$15,001 - $50,000"
roberts,FB,2014-03-14,buy,"$1,001 - $15,000"
roberts,AAPL,2014-03-07,buy,"$50,001 - $100,000"
roberts,BIDU,2014-03-07,buy,"$1,001 - $15,000"
roberts,NFLX,2014-03-06,buy,"$15,001 - $50,000"
roberts,BIDU,2014-03-06,buy,"$50,001 - $100,000"
roberts,BIDU,2014-03-03,sell,"$15,001 - $50,000"
roberts,FB,2014-03-05,sell,"$1,001 - $15,000"
roberts,AAPL,2014-03-03,sell,"$50,001 - $100,000"
collins,C,2014-04-02,sell,"$1,001 - $15,000"
collins,WIN,2014-03-28,sell,"$1,001 - $15,000"
collins,ACE,2014-03-31,sell,"$1,001 - $15,000"
collins,DAL,2014-03-31,buy,"$1,001 - $15,000"
collins,DAL,2014-03-28,buy,"$1,001 - $15,000"
collins,CRM,2014-04-03,sell,"$1,001 - $15,000"
collins,CELG,2014-04-03,sell,"$1,001 - $15,000"
collins,RHHBY,2014-04-04,buy,"$1,001 - $15,000"
collins,MSFT,2014-04-03,buy,"$1,001 - $15,000"
collins,M,2014-04-03,buy,"$1,001 - $15,000"
collins,UTX,2014-04-03,buy,"$1,001 - $15,000"
collins,GM,2014-04-03,sell,"$1,001 - $15,000"
collins,RHT,2014-04-03,sell,"$1,001 - $15,000"
reed,ZMH,2014-03-28,buy,"$1,001 - $15,000"
reed,MSFT,2014-03-28,buy,"$1,001 - $15,000"
reed,AAPL,2014-03-28,buy,"$1,001 - $15,000"
reed,FCX,2014-03-28,sell,"$1,001 - $15,000"
reed,ALTR,2014-03-28,buy,"$1,001 - $15,000"
collins,CAT,2014-04-08,sell,"$1,001 - $15,000"
collins,AMZN,2014-04-09,sell,"$1,001 - $15,000"
collins,FB,2014-04-09,sell,"$1,001 - $15,000"
collins,M,2014-04-07,buy,"$1,001 - $15,000"
collins,HON,2014-04-07,buy,"$1,001 - $15,000"
hoeven,BUD,2014-03-31,buy,"$50,001 - $100,000"
hoeven,ABBV,2014-03-31,buy,"$50,001 - $100,000"
whitehouse,V,2014-04-11,buy,"$1,001 - $15,000"
whitehouse,C,2014-03-20,buy,"$1,001 - $15,000"
whitehouse,SLB,2014-03-20,buy,"$1,001 - $15,000"
collins,BAC,2014-04-22,sell,"$1,001 - $15,000"
collins,COP,2014-04-22,buy,"$1,001 - $15,000"
collins,GS,2014-04-23,sell,"$1,001 - $15,000"
collins,AXP,2014-04-23,buy,"$1,001 - $15,000"
collins,SCHW,2014-04-21,buy,"$1,001 - $15,000"
collins,COP,2014-04-17,buy,"$1,001 - $15,000"
collins,FOXA,2014-04-10,sell,"$1,001 - $15,000"
collins,LOW,2014-04-10,sell,"$1,001 - $15,000"
collins,LBTYK,2014-04-10,sell,"$1,001 - $15,000"
collins,LBTYA,2014-04-10,sell,"$1,001 - $15,000"
collins,GOOG,2014-04-10,sell,"$1,001 - $15,000"
collins,DAL,2014-04-10,buy,"$1,001 - $15,000"
collins,GILD,2014-04-14,sell,"$1,001 - $15,000"
collins,AJG,2014-04-15,buy,"$1,001 - $15,000"
collins,DAL,2014-04-11,buy,"$1,001 - $15,000"
carper,ATML,2014-04-02,buy,"$1,001 - $15,000"
carper,BHI,2014-04-03,sell,"$15,001 - $50,000"
reed,KO,2014-04-22,sell,"$1,001 - $15,000"
hoeven,BA,2014-04-28,buy,"$100,001 - $250,000"
hoeven,ABBV,2014-04-28,buy,"$50,001 - $100,000"
hoeven,BUD,2014-04-28,buy,"$50,001 - $100,000"
hoeven,F,2014-04-28,buy,"$50,001 - $100,000"
booker,AMT,2014-04-08,sell,"$15,001 - $50,000"
booker,NFLX,2014-04-08,sell,"$15,001 - $50,000"
king,SRE,2014-04-28,sell,"$1,001 - $15,000"
king,XRAY,2014-04-28,sell,"$1,001 - $15,000"
king,UNH,2014-04-28,buy,"$1,001 - $15,000"
whitehouse,CMRE,2014-04-29,buy,"$1,001 - $15,000"
whitehouse,PEP,2014-04-29,sell,"$1,001 - $15,000"
whitehouse,GOOGL,2014-04-29,buy,"$1,001 - $15,000"
whitehouse,CVS,2014-04-29,buy,"$1,001 - $15,000"
whitehouse,GIS,2014-04-29,sell,"$15,001 - $50,000"
whitehouse,CVS,2014-04-17,sell,"$1,001 - $15,000"
whitehouse,STT,2014-04-17,sell,"$1,001 - $15,000"
whitehouse,ESRX,2014-04-17,buy,"$1,001 - $15,000"
whitehouse,DIS,2014-04-17,sell,"$15,001 - $50,000"
whitehouse,EBAY,2014-04-29,sell,"$15,001 - $50,000"
whitehouse,JPM,2014-04-29,buy,"$1,001 - $15,000"
whitehouse,KORS,2014-04-29,buy,"$1,001 - $15,000"
whitehouse,ESRX,2014-04-29,buy,"$1,001 - $15,000"
whitehouse,UTX,2014-04-29,buy,"$15,001 - $50,000"
whitehouse,ETN,2014-05-09,buy,"$1,001 - $15,000"
whitehouse,HMC,2014-05-09,sell,"$1,001 - $15,000"
whitehouse,XLNX,2014-05-09,sell,"$15,001 - $50,000"
collins,YHOO,2014-05-07,sell,"$1,001 - $15,000"
collins,WFC,2014-05-07,buy,"$15,001 - $50,000"
collins,WM,2014-05-07,sell,"$1,001 - $15,000"
collins,VVC,2014-05-07,sell,"$1,001 - $15,000"
collins,VR,2014-05-07,sell,"$1,001 - $15,000"
collins,VRX,2014-05-07,sell,"$1,001 - $15,000"
collins,VFC,2014-05-07,buy,"$1,001 - $15,000"
collins,UTX,2014-05-07,buy,"$1,001 - $15,000"
collins,UNP,2014-05-07,buy,"$15,001 - $50,000"
collins,UL,2014-05-07,buy,"$1,001 - $15,000"
collins,UMPQ,2014-05-07,sell,"$1,001 - $15,000"
collins,TUP,2014-05-07,sell,"$1,001 - $15,000"
collins,TEL,2014-05-07,sell,"$1,001 - $15,000"
collins,TGT,2014-05-07,sell,"$1,001 - $15,000"
collins,TAL,2014-05-07,sell,"$1,001 - $15,000"
collins,HOT,2014-05-07,sell,"$1,001 - $15,000"
collins,SBUX,2014-05-07,buy,"$1,001 - $15,000"
collins,SE,2014-05-07,buy,"$15,001 - $50,000"
collins,RPM,2014-05-07,sell,"$1,001 - $15,000"
collins,RHHBY,2014-05-07,buy,"$15,001 - $50,000"
collins,QCOM,2014-05-07,buy,"$15,001 - $50,000"
collins,PEP,2014-05-07,buy,"$15,001 - $50,000"
collins,PWE,2014-05-07,sell,"$1,001 - $15,000"
collins,PACW,2014-05-07,sell,"$1,001 - $15,000"
collins,ORCL,2014-05-07,sell,"$1,001 - $15,000"
collins,OHI,2014-05-07,sell,"$1,001 - $15,000"
collins,NEE,2014-05-07,sell,"$1,001 - $15,000"
collins,NWL,2014-05-07,sell,"$1,001 - $15,000"
collins,MGRC,2014-05-07,sell,"$1,001 - $15,000"
collins,MXIM,2014-05-07,sell,"$1,001 - $15,000"
collins,M,2014-05-07,sell,"$1,001 - $15,000"
collins,MTSC,2014-05-07,sell,"$1,001 - $15,000"
collins,LDR,2014-05-07,sell,"$1,001 - $15,000"
collins,JCOM,2014-05-07,sell,"$1,001 - $15,000"
collins,IP,2014-05-07,sell,"$1,001 - $15,000"
collins,IEX,2014-05-07,sell,"$1,001 - $15,000"
collins,HMC,2014-05-07,sell,"$1,001 - $15,000"
collins,HTS,2014-05-07,sell,"$1,001 - $15,000"
collins,HAS,2014-05-07,sell,"$1,001 - $15,000"
collins,HNI,2014-05-07,sell,"$1,001 - $15,000"
collins,GM,2014-05-07,sell,"$1,001 - $15,000"
collins,FLY,2014-05-07,sell,"$1,001 - $15,000"
collins,FMER,2014-05-07,sell,"$1,001 - $15,000"
collins,FFBC,2014-05-07,sell,"$1,001 - $15,000"
collins,FB,2014-05-07,sell,"$1,001 - $15,000"
collins,ESRX,2014-05-07,buy,"$1,001 - $15,000"
collins,DIS,2014-05-07,buy,"$1,001 - $15,000"
collins,DLR,2014-05-07,sell,"$1,001 - $15,000"
collins,CYS,2014-05-07,sell,"$1,001 - $15,000"
collins,CY,2014-05-07,sell,"$1,001 - $15,000"
collins,CNSL,2014-05-07,sell,"$1,001 - $15,000"
collins,CPSI,2014-05-07,sell,"$1,001 - $15,000"
collins,CTBI,2014-05-07,sell,"$1,001 - $15,000"
collins,CLNY,2014-05-07,sell,"$1,001 - $15,000"
collins,CHCO,2014-05-07,sell,"$1,001 - $15,000"
collins,CELG,2014-05-07,sell,"$1,001 - $15,000"
collins,CBT,2014-05-07,sell,"$1,001 - $15,000"
collins,BAC,2014-05-07,sell,"$1,001 - $15,000"
collins,BGS,2014-05-07,sell,"$1,001 - $15,000"
collins,ALV,2014-05-07,sell,"$1,001 - $15,000"
collins,ARCC,2014-05-07,sell,"$1,001 - $15,000"
collins,AMT,2014-05-07,buy,"$1,001 - $15,000"
collins,AMZN,2014-05-07,sell,"$1,001 - $15,000"
collins,ADC,2014-05-07,sell,"$1,001 - $15,000"
carper,OKE,2014-05-30,sell,"$1,001 - $15,000"
reed,ACT,2014-05-22,buy,"$1,001 - $15,000"
whitehouse,RTN,2014-05-29,buy,"$1,001 - $15,000"
whitehouse,ORCL,2014-05-29,buy,"$1,001 - $15,000"
whitehouse,UL,2014-05-29,buy,"$1,001 - $15,000"
whitehouse,CHL,2014-05-29,buy,"$1,001 - $15,000"
whitehouse,SSYS,2014-05-29,buy,"$1,001 - $15,000"
toomey,DBP,2014-06-12,buy,"$15,001 - $50,000"
toomey,LGP,2014-06-11,buy,"$15,001 - $50,000"
toomey,GLD,2014-06-05,sell,"$1,001 - $15,000"
toomey,PPL,2014-06-05,sell,"$15,001 - $50,000"
cantwell,RNWK,2014-06-06,sell,"$1,001 - $15,000"
collins,LMGEX,2014-06-19,sell,"$15,001 - $50,000"
collins,WY,2014-06-19,sell,"$1,001 - $15,000"
collins,WCN,2014-06-19,buy,"$1,001 - $15,000"
collins,WMT,2014-06-19,sell,"$1,001 - $15,000"
collins,UPS,2014-06-19,sell,"$1,001 - $15,000"
collins,TCAP,2014-06-19,sell,"$1,001 - $15,000"
collins,SRCL,2014-06-19,buy,"$1,001 - $15,000"
collins,SBGI,2014-06-19,sell,"$1,001 - $15,000"
collins,ROP,2014-06-19,buy,"$1,001 - $15,000"
collins,ROC,2014-06-19,sell,"$1,001 - $15,000"
collins,PG,2014-06-19,sell,"$1,001 - $15,000"
collins,PX,2014-06-19,buy,"$1,001 - $15,000"
collins,PNM,2014-06-19,sell,"$1,001 - $15,000"
collins,PRGO,2014-06-19,buy,"$1,001 - $15,000"
collins,PRE,2014-06-19,sell,"$1,001 - $15,000"
collins,OXY,2014-06-19,sell,"$1,001 - $15,000"
collins,MCHP,2014-06-19,buy,"$1,001 - $15,000"
collins,MPW,2014-06-19,sell,"$1,001 - $15,000"
collins,LVS,2014-06-19,sell,"$1,001 - $15,000"
collins,HFC,2014-06-19,sell,"$1,001 - $15,000"
collins,GOOGL,2014-06-19,buy,"$1,001 - $15,000"
collins,GS,2014-06-19,sell,"$1,001 - $15,000"
collins,AJG,2014-06-19,sell,"$1,001 - $15,000"
collins,FNF,2014-06-19,sell,"$1,001 - $15,000"
collins,CR,2014-06-19,sell,"$1,001 - $15,000"
collins,C,2014-06-19,sell,"$1,001 - $15,000"
collins,CMO,2014-06-19,sell,"$1,001 - $15,000"
collins,BMY,2014-06-19,sell,"$1,001 - $15,000"
collins,AIT,2014-06-19,sell,"$1,001 - $15,000"
collins,AGCO,2014-06-19,sell,"$1,001 - $15,000"
carper,NTI,2014-06-25,buy,"$1,001 - $15,000"
whitehouse,BMY,2014-07-15,buy,"$1,001 - $15,000"
whitehouse,AMZN,2014-06-24,sell,"$15,001 - $50,000"
whitehouse,NOV,2014-07-02,buy,"$15,001 - $50,000"
whitehouse,AMGN,2014-07-10,buy,"$1,001 - $15,000"
whitehouse,EMR,2014-07-10,sell,"$1,001 - $15,000"
whitehouse,BEAV,2014-06-18,buy,"$1,001 - $15,000"
whitehouse,CHL,2014-06-18,buy,"$1,001 - $15,000"
whitehouse,UNP,2014-06-18,sell,"$1,001 - $15,000"
whitehouse,VFC,2014-06-18,sell,"$1,001 - $15,000"
whitehouse,KORS,2014-07-07,buy,"$15,001 - $50,000"
whitehouse,LNKD,2014-07-07,sell,"$1,001 - $15,000"
whitehouse,QLIK,2014-07-10,buy,"$1,001 - $15,000"
collins,DVFAX,2014-06-30,buy,"$1,001 - $15,000"
roberts,AAPL,2014-06-06,sell,"$50,001 - $100,000"
roberts,F,2014-06-06,sell,"$1,001 - $15,000"
reed,ACT,2014-07-09,buy,"$1,001 - $15,000"
roberts,AFL,2014-07-07,sell,"$1,001 - $15,000"
roberts,SBUX,2014-07-03,sell,"$1,001 - $15,000"
roberts,IBM,2014-07-03,sell,"$15,001 - $50,000"
roberts,TWTR,2014-07-22,buy,"$1,001 - $15,000"
roberts,FB,2014-07-21,sell,"$1,001 - $15,000"
roberts,BIDU,2014-07-07,sell,"$15,001 - $50,000"
roberts,NFLX,2014-07-07,sell,"$50,001 - $100,000"
reed,KSU,2014-07-25,sell,"$1,001 - $15,000"
carper,LNC,2014-07-17,sell,"$15,001 - $50,000"
reed,XLNX,2014-07-28,buy,"$1,001 - $15,000"
reed,EEM,2014-07-28,buy,"$1,001 - $15,000"
reed,ALTR,2014-07-28,buy,"$1,001 - $15,000"
roberts,BIDU,2014-07-30,buy,"$15,001 - $50,000"
roberts,AAPL,2014-08-01,buy,"$1,001 - $15,000"
roberts,AAPL,2014-07-30,buy,"$1,001 - $15,000"
roberts,FB,2014-07-23,sell,"$1,001 - $15,000"
collins,LNT,2014-07-23,sell,"$1,001 - $15,000"
collins,ARE,2014-07-23,sell,"$1,001 - $15,000"
collins,BUD,2014-07-23,sell,"$1,001 - $15,000"
collins,AMT,2014-07-23,buy,"$1,001 - $15,000"
collins,BIIB,2014-07-23,sell,"$1,001 - $15,000"
collins,BTE,2014-07-23,sell,"$1,001 - $15,000"
collins,BWA,2014-07-23,buy,"$1,001 - $15,000"
collins,BMR,2014-07-23,sell,"$1,001 - $15,000"
collins,DAL,2014-07-23,sell,"$1,001 - $15,000"
collins,CME,2014-07-23,buy,"$1,001 - $15,000"
collins,ECL,2014-07-23,buy,"$15,001 - $50,000"
collins,EMC,2014-07-23,buy,"$1,001 - $15,000"
collins,EPR,2014-07-23,sell,"$1,001 - $15,000"
collins,ENLC,2014-07-23,sell,"$1,001 - $15,000"
collins,GE,2014-07-23,sell,"$1,001 - $15,000"
collins,GRMN,2014-07-23,sell,"$1,001 - $15,000"
collins,HRS,2014-07-23,sell,"$1,001 - $15,000"
collins,HCC,2014-07-23,sell,"$1,001 - $15,000"
collins,HUB-B,2014-07-23,sell,"$1,001 - $15,000"
collins,HTGC,2014-07-23,sell,"$1,001 - $15,000"
collins,JNJ,2014-07-23,buy,"$1,001 - $15,000"
collins,HUN,2014-07-23,sell,"$1,001 - $15,000"
collins,MMC,2014-07-23,sell,"$1,001 - $15,000"
collins,LECO,2014-07-23,sell,"$1,001 - $15,000"
collins,NSRGY,2014-07-23,buy,"$1,001 - $15,000"
collins,MCK,2014-07-23,sell,"$1,001 - $15,000"
collins,PPG,2014-07-23,sell,"$1,001 - $15,000"
collins,OGS,2014-07-23,sell,"$1,001 - $15,000"
collins,PGH,2014-07-23,sell,"$1,001 - $15,000"
collins,PKG,2014-07-23,sell,"$1,001 - $15,000"
collins,PSX,2014-07-23,buy,"$1,001 - $15,000"
collins,PBCT,2014-07-23,sell,"$1,001 - $15,000"
collins,HSIC,2014-07-23,buy,"$1,001 - $15,000"
collins,PL,2014-07-23,sell,"$1,001 - $15,000"
collins,STE,2014-07-23,sell,"$1,001 - $15,000"
collins,SNA,2014-07-23,buy,"$1,001 - $15,000"
collins,WASH,2014-07-23,sell,"$1,001 - $15,000"
collins,TRV,2014-07-23,sell,"$1,001 - $15,000"
collins,MLPRX,2014-07-23,sell,"$15,001 - $50,000"
collins,WEC,2014-07-23,sell,"$1,001 - $15,000"
toomey,LGP,2014-08-07,sell,"$15,001 - $50,000"
king,RYAM,2014-07-25,sell,"$1,001 - $15,000"
whitehouse,MCHP,2014-07-21,sell,"$15,001 - $50,000"
whitehouse,VOD,2014-07-21,sell,"$1,001 - $15,000"
whitehouse,DE,2014-07-21,sell,"$1,001 - $15,000"
whitehouse,MDP,2014-07-21,sell,"$15,001 - $50,000"
whitehouse,QLIK,2014-07-29,buy,"$1,001 - $15,000"
whitehouse,PANW,2014-07-29,buy,"$1,001 - $15,000"
whitehouse,LNKD,2014-07-29,sell,"$15,001 - $50,000"
whitehouse,VOD,2014-07-29,sell,"$15,001 - $50,000"
whitehouse,AXP,2014-07-29,buy,"$1,001 - $15,000"
whitehouse,UL,2014-08-07,buy,"$1,001 - $15,000"
whitehouse,KORS,2014-08-07,buy,"$1,001 - $15,000"
whitehouse,GPRO,2014-08-14,buy,"$1,001 - $15,000"
reed,CELG,2014-08-19,buy,"$1,001 - $15,000"
roberts,KSU,2014-08-26,sell,"$15,001 - $50,000"
roberts,COST,2014-08-26,sell,"$1,001 - $15,000"
roberts,TWTR,2014-08-26,sell,"$1,001 - $15,000"
roberts,BAC,2014-08-26,sell,"$1,001 - $15,000"
roberts,AAPL,2014-08-26,sell,"$15,001 - $50,000"
booker,NKE,2014-08-08,sell,"$1,001 - $15,000"
booker,IRM,2014-08-08,sell,"$1,001 - $15,000"
booker,IBM,2014-08-08,sell,"$1,001 - $15,000"
booker,FB,2014-08-08,sell,"$1,001 - $15,000"
booker,AMZN,2014-08-08,sell,"$1,001 - $15,000"
booker,AAPL,2014-08-08,sell,"$1,001 - $15,000"
booker,DISH,2014-08-08,sell,"$1,001 - $15,000"
booker,AMT,2014-08-08,sell,"$50,001 - $100,000"
booker,EBAY,2014-08-08,sell,"$1,001 - $15,000"
booker,NFLX,2014-08-08,sell,"$15,001 - $50,000"
toomey,IJH,2014-09-04,sell,"$1,001 - $15,000"
toomey,IDV,2014-09-02,sell,"$15,001 - $50,000"
toomey,IXP,2014-09-02,buy,"$15,001 - $50,000"
toomey,ILF,2014-09-02,buy,"$1,001 - $15,000"
toomey,EPP,2014-09-02,sell,"$1,001 - $15,000"
reed,NXPI,2014-09-02,buy,"$1,001 - $15,000"
reed,FEYE,2014-09-09,buy,"$1,001 - $15,000"
whitehouse,NEE,2014-09-16,sell,"$15,001 - $50,000"
whitehouse,SLB,2014-09-03,sell,"$15,001 - $50,000"
whitehouse,NOV,2014-09-03,sell,"$15,001 - $50,000"
whitehouse,HON,2014-08-27,sell,"$15,001 - $50,000"
whitehouse,ESS,2014-08-27,sell,"$15,001 - $50,000"
whitehouse,BMY,2014-09-18,buy,"$1,001 - $15,000"
whitehouse,CVS,2014-09-18,buy,"$1,001 - $15,000"
whitehouse,CY,2014-09-18,buy,"$1,001 - $15,000"
whitehouse,SLB,2014-09-16,sell,"$15,001 - $50,000"
whitehouse,ETN,2014-08-27,buy,"$1,001 - $15,000"
whitehouse,HYT,2014-08-21,buy,"$1,001 - $15,000"
whitehouse,VZ,2014-09-18,buy,"$1,001 - $15,000"
whitehouse,PANW,2014-09-18,buy,"$1,001 - $15,000"
whitehouse,EL,2014-09-18,buy,"$1,001 - $15,000"
whitehouse,ISIS,2014-09-18,buy,"$1,001 - $15,000"
whitehouse,TU,2014-09-18,buy,"$1,001 - $15,000"
whitehouse,AIG,2014-09-18,buy,"$1,001 - $15,000"
whitehouse,APA,2014-09-04,sell,"$50,001 - $100,000"
hoeven,BX,2014-08-25,buy,"$100,001 - $250,000"
hoeven,EL,2014-08-25,buy,"$100,001 - $250,000"
hoeven,YUM,2014-08-25,buy,"$50,001 - $100,000"
hoeven,PEP,2014-08-26,buy,"$100,001 - $250,000"
roberts,AAPL,2014-09-03,sell,"$1,001 - $15,000"
roberts,AAPL,2014-09-02,buy,"$1,001 - $15,000"
roberts,NFLX,2014-09-22,buy,"$15,001 - $50,000"
roberts,AAPL,2014-09-12,buy,"$1,001 - $15,000"
roberts,NFLX,2014-09-12,buy,"$15,001 - $50,000"
roberts,NFLX,2014-09-02,buy,"$15,001 - $50,000"
hoeven,AJG,2014-10-20,buy,"$100,001 - $250,000"
hoeven,CMI,2014-10-20,buy,"$100,001 - $250,000"
hoeven,BA,2014-09-29,sell,"$100,001 - $250,000"
hoeven,ABBV,2014-09-29,sell,"$100,001 - $250,000"
hoeven,SBUX,2014-09-29,buy,"$100,001 - $250,000"
whitehouse,QQQ,2014-10-02,buy,"$1,001 - $15,000"
whitehouse,SBUX,2014-10-14,buy,"$1,001 - $15,000"
whitehouse,SBUX,2014-10-02,buy,"$1,001 - $15,000"
whitehouse,COF,2014-10-15,sell,"$15,001 - $50,000"
whitehouse,BMY,2014-10-14,buy,"$1,001 - $15,000"
whitehouse,CY,2014-10-14,buy,"$1,001 - $15,000"
whitehouse,TRIP,2014-10-07,buy,"$1,001 - $15,000"
whitehouse,UL,2014-10-07,buy,"$1,001 - $15,000"
whitehouse,KORS,2014-10-02,buy,"$1,001 - $15,000"
whitehouse,YUM,2014-10-02,sell,"$15,001 - $50,000"
whitehouse,M,2014-10-02,buy,"$1,001 - $15,000"
whitehouse,A,2014-10-02,buy,"$1,001 - $15,000"
whitehouse,UL,2014-10-02,buy,"$1,001 - $15,000"
toomey,VIXY,2014-10-01,sell,"$15,001 - $50,000"
hoeven,HON,2014-11-06,buy,"$100,001 - $250,000"
hoeven,CSCO,2014-10-29,buy,"$100,001 - $250,000"
whitehouse,PEP,2014-11-13,buy,"$1,001 - $15,000"
whitehouse,T,2014-11-13,sell,"$15,001 - $50,000"
whitehouse,PRU,2014-11-13,buy,"$1,001 - $15,000"
whitehouse,M,2014-11-13,buy,"$1,001 - $15,000"
whitehouse,DHR,2014-11-10,sell,"$1,001 - $15,000"
whitehouse,F,2014-11-10,sell,"$1,001 - $15,000"
whitehouse,DHR,2014-11-10,sell,"$15,001 - $50,000"
whitehouse,BABA,2014-11-10,buy,"$15,001 - $50,000"
cardin,NGG,2014-11-17,sell,"$1,001 - $15,000"
cardin,OLN,2014-11-17,sell,"$1,001 - $15,000"
cardin,MET,2014-11-17,sell,"$1,001 - $15,000"
carper,PNQI,2014-11-11,buy,"$1,001 - $15,000"
collins,MFCDX,2014-11-10,sell,"$50,001 - $100,000"
collins,FOXA,2014-11-10,sell,"$1,001 - $15,000"
collins,TWX,2014-11-10,sell,"$1,001 - $15,000"
collins,TXN,2014-11-10,sell,"$1,001 - $15,000"
collins,TFX,2014-11-10,buy,"$15,001 - $50,000"
collins,SRCL,2014-11-10,buy,"$15,001 - $50,000"
collins,HSIC,2014-11-10,buy,"$1,001 - $15,000"
collins,ROP,2014-11-10,buy,"$15,001 - $50,000"
collins,RTN,2014-11-10,sell,"$1,001 - $15,000"
collins,PCP,2014-11-10,buy,"$15,001 - $50,000"
collins,MET,2014-11-10,sell,"$1,001 - $15,000"
collins,INTC,2014-11-10,sell,"$1,001 - $15,000"
collins,GILD,2014-11-10,buy,"$1,001 - $15,000"
collins,XOM,2014-11-10,buy,"$1,001 - $15,000"
collins,DD,2014-11-10,buy,"$1,001 - $15,000"
collins,COP,2014-11-10,buy,"$1,001 - $15,000"
collins,CVX,2014-11-10,sell,"$1,001 - $15,000"
collins,AAPL,2014-11-10,buy,"$1,001 - $15,000"
collins,APH,2014-11-10,buy,"$15,001 - $50,000"
collins,ALL,2014-11-10,sell,"$1,001 - $15,000"
collins,T,2014-11-10,sell,"$1,001 - $15,000"
roberts,CEA,2014-11-13,sell,"$1,001 - $15,000"
roberts,KSU,2014-11-17,sell,"$1,001 - $15,000"
roberts,ZNGA,2014-11-07,buy,"$1,001 - $15,000"
roberts,BIDU,2014-11-13,sell,"$15,001 - $50,000"
roberts,NFLX,2014-11-07,buy,"$15,001 - $50,000"
blunt,MDLZ,2014-11-11,sell,"$50,001 - $100,000"
king,RYN,2014-11-10,sell,"$1,001 - $15,000"
toomey,PFS,2014-12-17,sell,"$1,001 - $15,000"
toomey,T,2014-12-18,buy,"$15,001 - $50,000"
toomey,PFS,2014-12-18,sell,"$1,001 - $15,000"
toomey,ESV,2014-12-18,buy,"$15,001 - $50,000"
whitehouse,TJX,2014-12-18,buy,"$1,001 - $15,000"
whitehouse,ORCL,2014-12-18,buy,"$1,001 - $15,000"
whitehouse,T,2014-12-18,buy,"$1,001 - $15,000"
whitehouse,KORS,2014-12-18,sell,"$1,001 - $15,000"
whitehouse,PCAR,2014-11-25,buy,"$1,001 - $15,000"
whitehouse,IBM,2014-11-25,sell,"$1,001 - $15,000"
whitehouse,CMRE,2014-12-18,buy,"$1,001 - $15,000"
whitehouse,PRU,2014-11-25,buy,"$1,001 - $15,000"
whitehouse,AMGN,2014-12-18,buy,"$15,001 - $50,000"
whitehouse,HYH,2014-12-18,sell,"$1,001 - $15,000"
whitehouse,SSYS,2014-12-18,sell,"$1,001 - $15,000"
whitehouse,ABBV,2014-12-18,buy,"$1,001 - $15,000"
whitehouse,KEYS,2014-12-18,sell,"$1,001 - $15,000"
whitehouse,BEAV,2014-12-18,sell,"$15,001 - $50,000"
whitehouse,M,2014-11-25,buy,"$1,001 - $15,000"
toomey,PFS,2014-10-30,sell,"$50,001 - $100,000"
collins,XTXI,2014-03-10,sell,"$1,001 - $15,000"
collins,CVX,2014-01-15,sell,"$1,001 - $15,000"
collins,VZ,2014-01-07,sell,"$1,001 - $15,000"
collins,BMGAX,2014-12-10,buy,"$1,001 - $15,000"
carper,ADT,2016-02-16,sell,"$1,001 - $15,000"
collins,MMM,2015-02-20,buy,"$15,001 - $50,000"
whitehouse,UA,2015-11-20,buy,"$1,001 - $15,000"
whitehouse,WMT,2015-11-20,buy,"$1,001 - $15,000"
whitehouse,CERN,2015-11-23,buy,"$1,001 - $15,000"
whitehouse,PCAR,2015-07-20,sell,"$1,001 - $15,000"
perdue,DVN,2015-12-15,buy,"$15,001 - $50,000"
perdue,VLP,2015-07-28,buy,"$1,001 - $15,000"
whitehouse,MCD,2015-01-14,sell,"$15,001 - $50,000"
van hollen,YUMC,2017-02-17,sell,"$1,001 - $15,000"
van hollen,YUM,2017-02-17,sell,"$1,001 - $15,000"
van hollen,VZ,2017-02-17,sell,"$1,001 - $15,000"
van hollen,PEP,2017-02-17,sell,"$15,001 - $50,000"
van hollen,JNJ,2017-02-17,sell,"$1,001 - $15,000"
van hollen,GE,2017-02-17,sell,"$15,001 - $50,000"
van hollen,T,2017-02-17,sell,"$1,001 - $15,000"
hoeven,SPG,2016-12-29,buy,"$100,001 - $250,000"
hoeven,NKE,2016-12-29,buy,"$100,001 - $250,000"
perdue,ABBV,2016-01-07,buy,"$1,001 - $15,000"
duckworth,BBL,2017-12-21,sell,"$1,001 - $15,000"
toomey,GE,2017-12-07,buy,"$15,001 - $50,000"
udall,GE,2018-12-18,sell,"$15,001 - $50,000"
hoeven,WTW,2018-01-19,sell,"$15,001 - $50,000"
capito,IBM,2018-04-24,buy,"$1,001 - $15,000"
moran,LM.SG,2018-12-19,sell,"$1,001 - $15,000"
moran,LM.SG,2018-12-06,buy,"$1,001 - $15,000"
toomey,REVB,2018-05-16,sell,"$1,001 - $15,000"
moran,V.TI,2019-09-25,buy,"$1,001 - $15,000"
moran,QZI.IL,2019-09-25,buy,"$1,001 - $15,000"
king,WTRG,2020-03-05,sell,"$1,001 - $15,000"
loeffler,PRU,2020-03-12,buy,"$15,001 - $50,000"
loeffler,CVX,2020-03-09,buy,"$100,001 - $250,000"
loeffler,DD,2020-03-09,buy,"$1,001 - $15,000"
loeffler,HELE,2020-03-06,sell,"$50,001 - $100,000"
loeffler,TJX,2020-03-05,sell,"$15,001 - $50,000"
loeffler,DD,2020-03-02,buy,"$50,001 - $100,000"
loeffler,DD,2020-02-28,buy,"$15,001 - $50,000"
loeffler,DD,2020-02-27,buy,"$100,001 - $250,000"
loeffler,AMZN,2020-02-25,sell,"$15,001 - $50,000"
loeffler,FNKO,2020-02-10,sell,"$50,001 - $100,000"
loeffler,EEFT,2020-02-10,sell,"$100,001 - $250,000"
loeffler,ORLY,2020-02-07,sell,"$15,001 - $50,000"
loeffler,FNKO,2020-02-07,sell,"$50,001 - $100,000"
loeffler,FNKO,2020-02-06,sell,"$15,001 - $50,000"
loeffler,ARNA,2020-02-06,sell,"$50,001 - $100,000"
loeffler,TCEHY,2020-02-05,sell,"$15,001 - $50,000"
loeffler,ROKU,2020-02-05,sell,"$100,001 - $250,000"
loeffler,FNKO,2020-02-05,sell,"$15,001 - $50,000"
loeffler,ARNA,2020-02-05,sell,"$50,001 - $100,000"
loeffler,TCEHY,2020-02-04,sell,"$15,001 - $50,000"
loeffler,KL,2020-02-04,sell,"$50,001 - $100,000"
loeffler,CMCSA,2020-02-04,sell,"$15,001 - $50,000"
loeffler,AZO,2020-02-04,sell,"$15,001 - $50,000"
loeffler,HON,2020-02-03,sell,"$100,001 - $250,000"
loeffler,DFS,2020-01-17,buy,"$250,001 - $500,000"
carper,UA,2019-12-17,sell,"$1,001 - $15,000"
whitehouse,CARR,2020-04-07,sell,"$1,001 - $15,000"
whitehouse,OTIS,2020-04-07,sell,"$1,001 - $15,000"
wyden,BERY,2020-05-07,buy,"$15,001 - $50,000"
mcconnell,WFC,2020-06-03,buy,"$1,001 - $15,000"
roberts,NVDA,2020-05-29,buy,"$15,001 - $50,000"
roberts,AAPL,2020-05-29,buy,"$15,001 - $50,000"
roberts,AMZN,2020-05-04,buy,"$15,001 - $50,000"
roberts,NOC,2020-05-29,buy,"$15,001 - $50,000"
roberts,BYND,2020-05-11,sell,"$1,001 - $15,000"
moran,V,2019-09-25,buy,"$1,001 - $15,000"
moran,FB,2019-09-25,buy,"$1,001 - $15,000"
loeffler,ICE,2020-09-23,sell,"$1,000,001 - $5,000,000"
cassidy,WMT,2020-11-05,sell,"$1,001 - $15,000"
cassidy,UPS,2020-11-05,sell,"$1,001 - $15,000"
cassidy,SBUX,2020-11-05,sell,"$1,001 - $15,000"
cassidy,PLD,2020-11-05,sell,"$1,001 - $15,000"
cassidy,PG,2020-11-05,sell,"$1,001 - $15,000"
cassidy,JPM,2020-11-05,sell,"$1,001 - $15,000"
cassidy,MSFT,2020-11-05,sell,"$1,001 - $15,000"
cassidy,MDT,2020-11-05,sell,"$1,001 - $15,000"
cassidy,LOW,2020-11-05,sell,"$1,001 - $15,000"
cassidy,IBM,2020-11-05,sell,"$1,001 - $15,000"
cassidy,DOW,2020-11-05,sell,"$1,001 - $15,000"
cassidy,DIS,2020-11-05,sell,"$1,001 - $15,000"
cassidy,CMCSA,2020-11-05,sell,"$1,001 - $15,000"
cassidy,CSCO,2020-11-05,sell,"$1,001 - $15,000"
cassidy,CVS,2020-11-05,sell,"$1,001 - $15,000"
cassidy,BLK,2020-11-05,sell,"$1,001 - $15,000"
cassidy,AAPL,2020-11-05,sell,"$1,001 - $15,000"
cassidy,AMGN,2020-11-05,sell,"$1,001 - $15,000"
toomey,AIV,2020-11-30,buy,"$1,001 - $15,000"
roberts,FB,2020-08-31,buy,"$15,001 - $50,000"
perdue,T,2020-02-20,buy,"$1,001 - $15,000"
perdue,T,2020-02-21,buy,"$15,001 - $50,000"
