check_id,chamber,member,source_url,filing_date,tx_date,owner,ticker,asset_name,side,amount_raw,matches_filing (Y/N),field_wrong,notes
0,House,Carol D. Miller,https://disclosures-clerk.house.gov/public_disc/ptr-pdfs/2020/20017362.pdf,2020-09-14,2020-08-04,Spouse,HRL,Hormel Foods Corporation (HRl) P,buy,"$15,001 - $50,000",,,
1,House,Thomas J. Rooney,https://disclosures-clerk.house.gov/public_disc/ptr-pdfs/2017/20006565.pdf,2017-01-24,2016-12-12,Self,MA,Mastercard Incorporated (MA) P,buy,"$1,001 - $15,000",,,
2,House,Thomas J. Rooney,https://disclosures-clerk.house.gov/public_disc/ptr-pdfs/2017/20003828.pdf,2017-01-16,2014-07-29,Self,ITW,Illinois Tool Works Inc. (ITW) S,sell,"$15,001 - $50,000",,,
3,House,Lois Frankel,https://disclosures-clerk.house.gov/public_disc/ptr-pdfs/2022/20020648.pdf,2022-04-06,2022-03-09,Self,SO,Southern Company (SO) S,sell,"$1,001 - $15,000",,,
4,House,Susie Lee,https://disclosures-clerk.house.gov/public_disc/ptr-pdfs/2019/20011203.pdf,2019-03-04,2019-01-30,Joint,BLL,Ball Corporation (BLL) S,sell,"$1,001 - $15,000",,,
5,House,Lois Frankel,https://disclosures-clerk.house.gov/public_disc/ptr-pdfs/2018/20008754.pdf,2018-01-23,2018-01-03,Self,ETN,"Eaton Corporation, PLC ordinary shares P (ETN)",buy,"$1,001 - $15,000",,,
6,House,David A. Trott,https://disclosures-clerk.house.gov/public_disc/ptr-pdfs/2015/20004033.pdf,2015-11-03,2015-10-06,Self,EPD,Enterprise Products Partners L.P. (EPD) P,buy,"$1,001 - $15,000",,,
7,House,Val T. Hoyle,https://disclosures-clerk.house.gov/public_disc/ptr-pdfs/2025/20032211.pdf,2025-10-10,2025-09-23,Spouse,GOOG,Alphabet Inc. Class C Capital Stock S (GOOG),sell,"$1,001 - $15,000",,,
8,House,Daniel Meuser,https://disclosures-clerk.house.gov/public_disc/ptr-pdfs/2026/20034359.pdf,2026-04-21,2026-03-25,Spouse,NVDA,NVIDIA Corporation Common Stock S (NVDA),sell,"$1,001 - $15,000",,,
9,House,Mark E. Green,https://disclosures-clerk.house.gov/public_disc/ptr-pdfs/2020/20017223.pdf,2020-09-16,2020-08-14,Self,AM,Antero Midstream Corporation P (AM),buy,"$50,001 - $100,000",,,
10,House,K. Michael Conaway,https://disclosures-clerk.house.gov/public_disc/ptr-pdfs/2015/20003476.pdf,2015-08-01,2014-11-12,Spouse,WFC,Wells Fargo & Company (WFC) s,sell,"$1,001 - $15,000",,,
11,House,"Gilbert Ray Cisneros, Jr.",https://disclosures-clerk.house.gov/public_disc/ptr-pdfs/2026/20033983.pdf,2026-02-13,2026-01-09,Self,REG,Regency Centers Corporation (REG) P,buy,"$1,001 - $15,000",,,
12,House,John A. Yarmuth,https://disclosures-clerk.house.gov/public_disc/ptr-pdfs/2017/20007108.pdf,2017-04-22,2017-03-23,Self,SLB,schlumberger N.V. (slB) s,sell,"$1,001 - $15,000",,,
13,House,Josh Gottheimer,https://disclosures-clerk.house.gov/public_disc/ptr-pdfs/2024/20025678.pdf,2024-08-15,2024-07-23,Joint,RHHBY,ROCHE HOLDING LTD S/ADR P (RHHBY),buy,"$1,001 - $15,000",,,
14,House,Josh Gottheimer,https://disclosures-clerk.house.gov/public_disc/ptr-pdfs/2023/20023833.pdf,2023-10-15,2023-09-15,Joint,CCI,Crown Castle Inc. (CCI) S,sell,"$1,001 - $15,000",,,
15,House,Josh Gottheimer,https://disclosures-clerk.house.gov/public_disc/ptr-pdfs/2022/20021174.pdf,2022-06-16,2022-05-10,Joint,FMX,Fomento Economico Mexicano S.A.B. P de C.V. (FMX),buy,"$1,001 - $15,000",,,
16,House,Bill Flores,https://disclosures-clerk.house.gov/public_disc/ptr-pdfs/2019/20011395.pdf,2019-04-04,2019-03-25,Self,C,"Citigroup, Inc. (C) P",buy,"$1,001 - $15,000",,,
17,House,Jared Moskowitz,https://disclosures-clerk.house.gov/public_disc/ptr-pdfs/2024/20025680.pdf,2024-08-19,2024-07-05,Self,SHW,Sherwin-Williams Company (SHW) P,buy,"$1,001 - $15,000",,,
18,House,Lois Frankel,https://disclosures-clerk.house.gov/public_disc/ptr-pdfs/2018/20008999.pdf,2018-02-22,2018-02-07,Self,CNDT,Conduent Incorporated (CNDT) P,buy,"$1,001 - $15,000",,,
19,House,John A. Yarmuth,https://disclosures-clerk.house.gov/public_disc/ptr-pdfs/2021/20018609.pdf,2021-04-21,2021-03-05,Self,AMT,American Tower Corporation P (AMT),buy,"$1,001 - $15,000",,,
20,House,Ken Buck,https://disclosures-clerk.house.gov/public_disc/ptr-pdfs/2017/20008310.pdf,2017-11-02,2017-10-27,Self,ISNPY,Intesa Sanpaolo S.P.A. Sponsored AdR P (ISNPY),buy,"$1,001 - $15,000",,,
21,House,Jared Moskowitz,https://disclosures-clerk.house.gov/public_disc/ptr-pdfs/2024/20025712.pdf,2024-08-21,2023-07-14,Self,V,Visa Inc. (V) P,buy,"$1,001 - $15,000",,,
22,House,Ed Whitfield,https://disclosures-clerk.house.gov/public_disc/ptr-pdfs/2016/20004422.pdf,2016-01-15,2015-12-11,Spouse,LBRDA,liberty Broadband Corporation Class a s (lBRDa) ID Owner Asset Transaction Date Notification Amount Type Date,sell,"$1,001 - $15,000",,,
23,House,"Gilbert Ray Cisneros, Jr.",https://disclosures-clerk.house.gov/public_disc/ptr-pdfs/2025/20029026.pdf,2025-04-07,2025-03-17,Self,ASML,ASML Holding N.V. New York P Registry Shares (ASML),buy,"$1,001 - $15,000",,,
24,House,Bill Flores,https://disclosures-clerk.house.gov/public_disc/ptr-pdfs/2016/20006339.pdf,2016-12-11,2016-11-29,Self,IBM,International Business Machines s Corporation (IBM),sell,"$1,001 - $15,000",,,
25,Senate,David Perdue,https://efdsearch.senate.gov/search/view/ptr/bc6c5872-1fdd-4e99-857e-08b4ec2c85c8/,2020-05-08,2020-04-16,Joint,NKE,"NIKE, Inc.",sell,"$1,001 - $15,000",,,
26,Senate,David Perdue,https://efdsearch.senate.gov/search/view/ptr/b21ef800-2a0b-4c11-8ae1-8b743ade8166/,2016-03-01,2016-02-25,Joint,AXP,American Express Company,sell,"$15,001 - $50,000",,,
27,Senate,Susan M. Collins,https://efdsearch.senate.gov/search/view/ptr/8225a609-c7d3-4301-a11c-16aaeab1ba0d/,2014-02-11,2014-02-06,Spouse,CVX,Chevron Corporation (NYSE),sell,"$1,001 - $15,000",,,
28,Senate,Thomas R. Carper,https://efdsearch.senate.gov/search/view/ptr/a6c73206-244d-439c-8887-e977b545b901/,2022-02-03,2022-01-18,Spouse,JCI,Johnson Controls International plc Ordinary Share,buy,"$1,001 - $15,000",,,
29,Senate,David Perdue,https://efdsearch.senate.gov/search/view/ptr/0e5d9b1e-2b51-42b9-9ead-f05d117260a8/,2019-04-09,2019-03-19,Joint,MPLX,MPLX LP,buy,"$1,001 - $15,000",,,
30,Senate,Gary C. Peters,https://efdsearch.senate.gov/search/view/ptr/bbd1f7c0-aefc-4f68-b5c1-d7fe1310b2c0/,2018-11-16,2018-11-09,Self,GIS,"General Mills, Inc.",buy,"$1,001 - $15,000",,,
31,Senate,Patrick J. Toomey,https://efdsearch.senate.gov/search/view/ptr/a0d83240-7025-4a7d-86b7-75dd97b12d47/,2015-07-09,2015-06-16,Joint,PFS,"Provident Financial Services, Inc. (NYSE)",sell,"$15,001 - $50,000",,,
32,Senate,"Angus S. King, Jr.",https://efdsearch.senate.gov/search/view/ptr/218c16a3-d408-4cc0-aa89-08730d05dfc3/,2025-08-18,2025-07-21,Spouse,ADSK,Autodesk Inc,buy,"$1,001 - $15,000",,,
33,Senate,John Boozman,https://efdsearch.senate.gov/search/view/ptr/28e465df-caf1-4a98-8ebc-605e1e1ba99b/,2026-08-17,2026-07-23,Joint,JPM,JP Morgan Chase & Co. Common Stock,sell,"$1,001 - $15,000",,,
34,Senate,Pat Roberts,https://efdsearch.senate.gov/search/view/ptr/33d51e53-683b-4cdc-9575-8f72f9a71d57/,2020-08-05,2020-07-31,Spouse,AAL,American Airlines Group Inc.,sell,"$15,001 - $50,000",,,
35,Senate,Susan M. Collins,https://efdsearch.senate.gov/search/view/ptr/8287dd4c-edca-465c-8008-c792237b3a84/,2014-08-14,2014-07-23,Spouse,WASH,Washington Trust Bancorp Inc. (NASDAQ),sell,"$1,001 - $15,000",,,
36,Senate,Alan Armstrong,https://efdsearch.senate.gov/search/view/ptr/fda235b3-bad7-4637-8fa1-053f354d929c/,2026-07-21,2026-03-27,Self,TSLA,"Tesla, Inc.  - Common Stock",buy,"$15,001 - $50,000",,,
37,Senate,Shelley Moore Capito,https://efdsearch.senate.gov/search/view/ptr/ad988790-1a7b-4142-b095-2fae9a09276e/,2018-01-10,2017-12-19,Spouse,SSDOY,"Shiseido Company, Limited",sell,"$1,001 - $15,000",,,
38,Senate,Tommy Tuberville,https://efdsearch.senate.gov/search/view/ptr/b5272e54-0ad8-462c-97f5-9af1ea47b1f1/,2024-06-14,2024-05-08,Joint,GILD,"Gilead Sciences, Inc. - Common Stock",sell,"$1,001 - $15,000",,,
39,Senate,Markwayne Mullin,https://efdsearch.senate.gov/search/view/ptr/7810aff4-67d6-44e9-8464-9267478cbe5f/,2023-10-12,2023-09-13,Joint,MA,Mastercard Inc,buy,"$15,001 - $50,000",,,
40,Senate,Shelley Moore Capito,https://efdsearch.senate.gov/search/view/ptr/3ec54964-5549-470b-bdcc-da34d2ddf5c2/,2022-07-15,2022-06-17,Spouse,IBM,International Business Machines Corporat,sell,"$1,001 - $15,000",,,
41,Senate,David Perdue,https://efdsearch.senate.gov/search/view/ptr/a24f0a3a-e61d-44de-a775-36e7d0a14456/,2019-09-03,2019-08-05,Joint,KR,The Kroger Co.,buy,"$15,001 - $50,000",,,
42,Senate,Markwayne Mullin,https://efdsearch.senate.gov/search/view/ptr/3b2aaa94-9d74-4a18-8319-539e4f2e92f4/,2024-01-26,2024-01-04,Self,ETN,Eaton Corp,buy,"$1,001 - $15,000",,,
43,Senate,Shelley Moore Capito,https://efdsearch.senate.gov/search/view/ptr/f89dfc3f-54f9-46a0-9acc-d4b63323ba9e/,2018-02-10,2018-01-26,Spouse,FANUY,Fanuc Corporation,sell,"$1,001 - $15,000",,,
44,Senate,Tommy Tuberville,https://efdsearch.senate.gov/search/view/ptr/0985f3bb-3c7d-4c95-984e-5acfa9541f94/,2022-01-12,2021-12-21,Joint,BABA,Alibaba Group Holding Limited American Depositary,buy,"$15,001 - $50,000",,,
45,Senate,Thomas R. Carper,https://efdsearch.senate.gov/search/view/ptr/da821a06-fdc4-477e-948c-01a9186d69fa/,2017-09-06,2017-08-31,Spouse,QCOM,QUALCOMM Incorporated,sell,"$1,001 - $15,000",,,
46,Senate,John Boozman,https://efdsearch.senate.gov/search/view/ptr/a7afd87e-027e-4b96-995c-fc3af98e6009/,2024-01-08,2023-12-20,Self,LRCX,Lam Research Corp,sell,"$1,001 - $15,000",,,
47,Senate,Sheldon Whitehouse,https://efdsearch.senate.gov/search/view/ptr/b852990f-aa23-40ed-bcb2-95441817ba41/,2015-03-17,2015-02-12,Joint,CMRE,Costamare Inc. (NYSE),sell,"$15,001 - $50,000",,,
48,Senate,Markwayne Mullin,https://efdsearch.senate.gov/search/view/ptr/c658a976-635f-4d9d-9254-8594ae0ad310/,2025-05-12,2025-04-08,Joint,LRCX,Lam Research Corp,sell,"$50,001 - $100,000",,,
49,Senate,David Perdue,https://efdsearch.senate.gov/search/view/ptr/ad77d4e6-49b5-4bff-bbc0-3dca02ad19f3/,2016-07-11,2016-06-29,Joint,DISCA,"Discovery Communications, Inc.",buy,"$1,001 - $15,000",,,
