,contribution
NVDA,0.06581544105876888
AAPL,0.06554423763376152
MSFT,0.060510390777003806
AMZN,0.03963083911378569
META,0.03817782826500733
NFLX,0.020238749620579706
PANW,0.019216393463569
AVGO,0.01901345454707081
JPM,0.018895925953281364
GOOG,0.01803470596454204
AMD,0.017984362377174514
COST,0.017369172786531915
LLY,0.016049595409244166
GOOGL,0.015261223542695289
BMY,0.01526038779838071
TSLA,0.01498546438408889
HD,0.014676792821756778
SBUX,0.014004678242013636
URBN,0.013643827223190574
CZR,0.013582380884203084
UNH,0.01344845861184278
TXN,0.013216111468793486
BRK-B,0.012896954079744153
GS,0.012351631393783622
ET,0.01224411854751176
OKE,0.01187079967400612
RUN,0.011844807661632203
T,0.011383164319643209
MA,0.011045422244088563
BIDU,0.010898056531066246
ABBV,0.010753312983663643
NXPI,0.010596128085484035
LRCX,0.010564884143340992
AMGN,0.010326757380515509
USAC,0.010245331574364781
JNJ,0.010209229497937032
CSCO,0.0101336321112577
TSM,0.009966086690999357
PG,0.009902528560295061
BAC,0.009896349405404695
NEE,0.009567478945635631
BA,0.008921737816111566
V,0.008866992920444359
INTC,0.008815132066420962
IBM,0.008763551763592378
F,0.008447916117605463
ACN,0.00826485034841402
PEP,0.007977220811128267
CVS,0.007910490354683518
TMO,0.007784501345083238
DHR,0.007578987146920511
MCK,0.007506005168940969
MU,0.007269980115359077
BX,0.007182590040031491
XOM,0.007103987314499916
CVX,0.006863935450334021
CRWD,0.006820544840912953
UBER,0.006785582773239852
AM,0.006659055087691599
ANET,0.006607908665837571
TJX,0.0065094371893251735
EL,0.006486033340700765
LMT,0.0063156893449076755
DAL,0.00628674147510511
GEL,0.006285384243144898
TMUS,0.006161676083408387
WMT,0.006149671078304535
ARLP,0.006106742360755465
TDOC,0.006071994886645631
AMAT,0.006035323860397797
WES,0.005918945534716005
MCD,0.005916867735960157
CAT,0.0059035395930853215
PLTR,0.005804989256582648
EPD,0.005784888785149697
DASH,0.005755181589818514
AAL,0.005749226195982814
ABT,0.005716085113694045
CMCSA,0.005646864749019609
CME,0.00559222570349192
ASML,0.005549916470849295
PWR,0.005543293342724984
SO,0.005478459744294959
MMM,0.00540912937348212
KO,0.005370182413689199
LYV,0.005341584797212395
WFC,0.005294716255608111
ROP,0.005226940794968539
MPLX,0.0052019861867872216
REGN,0.00519173139417642
ISRG,0.0051868785588449675
HON,0.005087654724534033
BLK,0.005039039631447324
GM,0.004938030283460106
ORCL,0.0048943840563164896
EMR,0.00485999919481798
APD,0.004767920301616111
MO,0.004741006490875429
CYRX,0.004725957835443328
GLW,0.004616290702598043
CB,0.004498014028455283
VRT,0.00448965294601893
FTNT,0.004467020339095634
PGR,0.004419369688338589
ETN,0.004364831302628155
KLAC,0.0043388090034799836
CP,0.0042096518954073785
OLLI,0.004169306661805306
VZ,0.004135178392354557
BWXT,0.004118982230235189
GOLD,0.004111407289196356
RTX,0.004105696593101192
HUMA,0.004101414932600475
KTOS,0.004002138328436804
MS,0.003951463713176182
SPGI,0.003948460829305135
LPLA,0.0038972782091604885
USB,0.0038775158244250697
SYY,0.0038712608517248465
NU,0.0038618415067205557
WLK,0.0038243242866730543
GD,0.003723294834135177
GLP,0.0037161321257535686
DVN,0.003646724489884554
PNC,0.003634228773526173
BE,0.0036233224112753367
GPK,0.0036217043960056093
SONY,0.003618018847029991
NTLA,0.003560628041223344
WM,0.0035568802020845692
UNP,0.003524136070038986
CMI,0.0034673965645633017
SHOP,0.0033865556534761897
JCI,0.0033794204931344688
CMRE,0.0033518966712029804
ROKU,0.0033301951722041812
SNDK,0.0032799291513075984
DELL,0.00327377989935867
KR,0.0032729441695181255
IDXX,0.0032685303158894595
MRSH,0.0032604126413581383
PH,0.0032399964467778775
WY,0.0032370148844323003
ENTG,0.00321976332301326
QCOM,0.0032176197056988046
SCHW,0.003189737518160638
C,0.0031873237348093893
ADI,0.0031647120576062844
FCX,0.0031333491247203206
HCA,0.003130162612336883
CI,0.0031268966644903066
VSAT,0.0031057028626248
CRM,0.0030873630592772117
LOW,0.0030231677551116358
NKE,0.0030120632355655963
DUK,0.002999541248249543
BKNG,0.0029952273492199278
ADSK,0.002979398468649595
FTAI,0.0029542552017534454
ROK,0.002950519836301417
ALNY,0.002944464924193739
MAR,0.0029172206490450875
HOG,0.002905929941842
AXP,0.002882970882204093
LIN,0.002882821300477528
ZTS,0.0028777106348884807
PM,0.0028769760406567105
SNA,0.002869684424970374
CFG,0.00286868501099232
NDAQ,0.0028632539939929275
BDX,0.0028562269525824434
ADP,0.002848121525563853
MET,0.0027988954626543623
PHG,0.002795099481242903
HAL,0.002753568528226282
BP,0.002751729280617541
AMT,0.0027493467228792584
MPC,0.0027260677559706936
ADBE,0.002705363810164416
NVS,0.0027016784757185313
CHD,0.002691148961020541
HSIC,0.002685294699676094
ADDYY,0.002683549215450882
WDC,0.0026331835153002854
APH,0.0026194901927289816
MSCI,0.002617141518328506
MRVL,0.002593653887369772
RHHBY,0.002574967454050721
PHM,0.0025642911241476173
CRDO,0.002539685911913542
UL,0.0025206016276154435
MSI,0.0025064582136613144
BAH,0.002475330655854994
DIS,0.002464599958203937
ISNPY,0.0024545839321112326
TCX,0.0024460724356399734
PLD,0.0024302235520575217
CBRL,0.002423989717502729
INTA,0.0024235974722858107
MNST,0.0024134738812310974
HTGC,0.0024129332780131883
VRTX,0.0024046331045543337
RF,0.0024035191224283502
DAIUF,0.002400486703749671
MEDP,0.0023933091272715797
TFC,0.002386727928521738
INTU,0.002380721778796975
NSC,0.002378404202707121
DBSDY,0.0023770119263900073
HOOD,0.0023437589860883486
OLED,0.002342618688924443
DD,0.0023189017084164127
CSX,0.002311291309325476
DPZ,0.002306629303368739
CAH,0.0023064089571053063
MRK,0.0022691252032721538
AORT,0.002248912231753572
SPG,0.002231947066292051
D,0.002224660482232803
YUM,0.0022243771751585917
APP,0.0022234159453505807
CLX,0.0022182826777060985
ATRC,0.002215655286715343
EDIT,0.0022136310663331575
KMX,0.002211758905465999
ICE,0.002194252225099779
NEM,0.0021872603786440236
HLT,0.0021538090763026305
PLNT,0.002149314505138667
RMD,0.0021450259532534467
TER,0.002131128832214167
AMP,0.0021276505515906217
KEY,0.0021274550368455564
PGNY,0.002122214263359145
OLP,0.002109038921713711
ABNB,0.0021053802809078473
MDT,0.002083837205700744
WCC,0.0020834211969978427
CIEN,0.002082304752437045
SHW,0.0020702552546583626
NSRGY,0.0020681340636321648
SITE,0.0020527758564151985
SCGLY,0.0020501299531276245
FFIN,0.0020444974750895425
USDP,0.0020414775469999834
SFM,0.0020410615813353707
MDB,0.0020383253381555002
CACI,0.0020287431669922247
ALGN,0.002024856360501941
UPS,0.0020098644216352264
KMB,0.0020095070094870928
MPWR,0.0020093592626170592
AKAM,0.0019978051922391743
SCI,0.0019924411336404036
BLDR,0.001989286541867691
HAS,0.0019884026448910405
DE,0.0019842841664401674
CE,0.0019552000094592336
BAX,0.0019261607300145697
NUE,0.0019174029529348785
COP,0.0019167066828571747
DOW,0.0019130718486021353
CDNS,0.001906842625099008
ORLY,0.0018989923629095567
AZN,0.0018959805746779385
DLTR,0.0018956204976515708
EAF,0.0018954655842146938
MELI,0.0018937972668167141
CEG,0.0018857533807763028
AJG,0.001875197190462691
PI,0.0018747945123947245
AGIO,0.0018705487178442073
QDEL,0.0018595080394708857
ILMN,0.001850470618153505
BEN,0.0018498236553702399
VRSK,0.0018358165186563378
COHR,0.0018345332254440364
SPH,0.0018092601905681915
ULTA,0.0018078090358668894
NWN,0.0018069633995358159
FISV,0.0018008475553380737
LGND,0.001789669119362831
QGEN,0.0017750432409401149
CGNX,0.0017716278727837474
LYG,0.0017700144812892054
LH,0.001755637863987763
OCFC,0.0017532246027370177
BCS,0.0017372855607415754
CLF,0.0017367276538809585
TDG,0.001731858933746115
YETI,0.0017284287815829131
WRB,0.0017179715803963041
AEP,0.0016951884563560615
ADYEY,0.001691667202728168
FICO,0.0016868670809927905
SJT,0.0016737342054422176
VIAV,0.001673687111904308
FET,0.0016736527500513941
GILD,0.0016693109007113829
AHEXY,0.001664338010260516
BMRN,0.0016622980707462721
USFD,0.00166112679462657
SBCF,0.0016566435650330973
ECL,0.0016546785798998156
STX,0.0016541272512145238
ABCB,0.0016529248371394303
AIG,0.0016499650056509994
MGY,0.0016340034767220123
AON,0.0016263164783693954
MMLP,0.001618767320132767
STRL,0.0016123937147298959
UMBF,0.001608325968043012
CNC,0.001607382806115463
SYF,0.0015983369432549252
GME,0.0015878389737764883
SKY,0.0015875538752400027
NOG,0.0015865376502131997
VST,0.0015843329593124558
NOC,0.0015835530629279043
MKL,0.0015808912028016666
EONGY,0.001572699304690152
CHDN,0.0015645452951692476
PHR,0.0015620179178402805
DHI,0.001535355859474122
FIVE,0.001535133073190345
VCYT,0.0015336186876029338
MT,0.0015290282570201077
TGT,0.00152733691079737
EW,0.0015260726266667878
AXON,0.0015231440688695324
BUD,0.001520537438746012
CRSP,0.0015190403552481986
IFNNY,0.001517166180074035
ELF,0.00151438416356681
NVT,0.0015141089690248292
TLRY,0.001504976384414095
ASND,0.0015043631875031975
FDS,0.001500359107049819
VC,0.001499712922954065
BALL,0.0014958470446525996
ALL,0.0014940135731825576
TT,0.001492661811011412
DGX,0.0014872162513203287
FLNG,0.0014747417998145806
PCVX,0.0014699725660615802
VFC,0.0014417879017536554
OSW,0.0014395649307082578
APA,0.0014360020075381518
FLYW,0.0014235083785684782
BLFS,0.0014130485766301645
BSX,0.0014058909923512657
NTAP,0.0014011330855128081
ZBRA,0.0014010581845780576
FNF,0.0013916570315045276
MTSI,0.0013897927970059182
SRE,0.0013858972698603787
BOOT,0.0013811214597730399
IT,0.0013775792431125948
TROW,0.0013740916359714587
HWM,0.0013684577233438679
AXSM,0.0013669948168181082
VLO,0.0013569931400424801
W,0.001351412066751953
GSK,0.001346239692057274
FMAO,0.0013456247462812542
PFE,0.0013359930504322137
CHTR,0.0013313208369171879
BR,0.001330168879858978
IRM,0.0013286627975555468
MTD,0.0013205759349304688
URI,0.0013177171702890614
GIS,0.0013176964644540626
BCC,0.0013155676844705355
PKG,0.00130614522716355
LYB,0.0012950658060417468
HPQ,0.0012886864647746075
ESI,0.001285807162336926
BMI,0.0012856995603028522
LVS,0.0012811075633366745
LW,0.0012806669814978279
TOL,0.0012789980369077433
LGIH,0.0012710203850271285
CCI,0.0012702872389099118
VALE,0.0012683544212621642
NI,0.0012648475463343453
YRD,0.001261530868689417
NET,0.0012448908303330215
ENS,0.001244295476506299
MTZ,0.0012306729476542569
EADSY,0.0012267368707053325
ALLY,0.0012261408409316795
CMTL,0.001223437818118297
ITW,0.0012214966824556483
CPRT,0.001219812693226943
GEV,0.001219515121851313
SSMXY,0.0012169757865507676
SCCO,0.001209945527564168
ARMK,0.0012082371136990034
TCEHY,0.0012077099807389843
CVNA,0.0012019207794571728
CVI,0.0011929341048173294
HPE,0.0011891581212576056
SMTC,0.0011890295593518796
SPHR,0.001182223040987439
SLG,0.0011800050518304941
CCL,0.0011720235508938625
FIS,0.0011719656229382744
IREN,0.0011701448588732955
PODD,0.0011696034527527936
UNICY,0.0011685984865062028
TEL,0.0011674949631287027
ERIC,0.0011642404218894023
GRMN,0.0011616400704816511
DDOG,0.0011562806995610668
AMN,0.0011526558361496051
TEVA,0.0011494706756819666
VEEV,0.0011313035138570283
CNF,0.0011268525199931135
WSTL,0.0011264633569522868
FCEL,0.0011257449533583997
TTE,0.0011194611448817002
CDW,0.0011171048587911043
AZO,0.001103045706868478
ASAZY,0.0011015363815266852
CAPL,0.0010984691473566734
L,0.0010981188511342554
MCO,0.0010913155537244745
DXC,0.001090341859887357
LRN,0.001080624844743858
EPAM,0.0010804514155118056
ON,0.001078503799118126
SBGSY,0.0010765113660032356
RCL,0.0010763107927556014
EME,0.001074620955688711
NWSA,0.0010718694113214476
AXTA,0.0010679647809309313
NOVT,0.001064545872463377
JBAXY,0.001063012132064922
APPF,0.0010548786410367725
RVLV,0.0010532303273210072
SAP,0.0010483705910884467
BHP,0.0010470469253258522
COCO,0.001044861213449295
CRS,0.0010436108309698352
PSX,0.0010410906213753528
SBRA,0.0010398413971273105
UPLD,0.0010374787147702615
WSO,0.0010341732665577635
SYK,0.0010341125704065703
CTSH,0.0010298118897529383
AFL,0.001028287534555318
SWKS,0.0010251096549415799
ITT,0.001022676683245074
OPEN,0.0010221603444011866
FRPT,0.0010189336238271562
BBIO,0.0010160682636831014
SUPN,0.0010156788115534146
HMN,0.0010107879733353572
ATLKY,0.001005578125535346
PPG,0.0010025100141602538
XEL,0.0010012699492078466
CTAS,0.0010007787111604635
CHGCY,0.0010005419564787686
HUN,0.0009826718873406676
MSM,0.0009783746850121876
WMS,0.0009754724484935898
VMC,0.0009739661901748809
CNP,0.0009719258375671489
ATO,0.0009696867484451577
SHEL,0.0009408318666220561
CWK,0.0009378660396632593
CBOE,0.000931970658176604
TTWO,0.00093177258459503
HAE,0.0009273829235813472
LVMUY,0.0009267188093514466
STAG,0.0009246959174697766
GFL,0.0009239457440235594
UBS,0.0009217502638275575
AOS,0.0009197705775423127
BEEM,0.0009158176833688038
RYAOF,0.0009127044038003658
CMC,0.0009117256753524866
ITUB,0.00091098280031275
WEC,0.0009101777916023238
ALGT,0.0008994377717675735
APTV,0.0008963741139545249
PPL,0.0008928442298528787
SNN,0.0008883708831676034
BNY,0.0008874567204973613
JLL,0.0008861910074899277
DNOW,0.0008838100049783572
SABR,0.0008832084282366825
FITB,0.000881876305535882
NGG,0.0008807041272726429
HLIO,0.0008753765141960982
NOV,0.0008730036175050317
PK,0.0008672928657633336
A,0.0008651453808862449
WPC,0.0008569001788482208
NVZMY,0.0008548632477284294
AB,0.0008486277907267309
SMEGF,0.0008463753498973042
MBFJF,0.0008437642299026052
NOW,0.0008388540112909036
MCHP,0.0008357783242399818
FLEX,0.0008339889204566696
WSM,0.0008329859007526516
PAYC,0.0008311728459926327
TDY,0.0008289997627222638
HSY,0.0008288836654992908
PAGP,0.0008276350196291468
LGN,0.0008234986724934733
PBA,0.0008220402948355457
FERG,0.0008219160254797949
JHX,0.000817868836074441
BCLYF,0.0008089394093764423
ADC,0.0008080003763106918
EQIX,0.0008011701087523992
HASI,0.0007996368707626498
CARG,0.000799359372578591
ACA,0.0007934845680502751
EXPD,0.0007909437147512211
IBKR,0.0007908975720958083
DVA,0.0007904580623225772
HLI,0.0007865458875750076
HRI,0.0007860050025506554
FLS,0.0007837221854771663
CRL,0.0007811631724076593
HQY,0.0007800211285679563
SEI,0.0007742693812722026
SGIOY,0.0007699722902572386
RPD,0.0007695456185718297
CMG,0.000768444200482035
HLN,0.0007677564987759743
VIK,0.0007641135095826279
COR,0.0007638040287947015
LYFT,0.0007626928349376692
AZTA,0.0007613808022238767
FMX,0.0007598451348675986
UEC,0.0007582254435792795
CELH,0.000756487263200697
HBAN,0.000753907401017251
SWK,0.0007502307971787975
CL,0.000747487585443569
WBI,0.0007469715178336684
WPM,0.0007446140562367727
CWEN,0.0007436359244312666
BURL,0.0007418327783441752
SLVM,0.0007392378272297217
DEA,0.0007381042783237032
ES,0.0007380088657176131
PSNL,0.0007359104019399937
APG,0.0007343827247098105
J,0.0007339110032918782
DBOEY,0.0007327444718033779
ORMP,0.0007326801393041831
STE,0.000731662940598614
KRYS,0.0007304545938009948
RY,0.0007293913811757979
AROC,0.0007282051424299606
OSK,0.0007281592080119418
MGA,0.0007277280218967257
DINO,0.000725637105513299
GH,0.0007231110722600466
RACE,0.0007203096558242701
INSW,0.0007196671873239474
AVNT,0.0007173701485244709
AEO,0.0007123532190862853
FOR,0.0007103120190853461
WDAY,0.0007092134048287339
AGI,0.0007040331565277668
DTM,0.0007031607472843585
ROIV,0.0007011512147962638
FVRR,0.0007004205021167501
RHI,0.0006982553398742178
COLD,0.0006970692670087445
LNG,0.0006970003832744702
NBR,0.000696005947759936
AHT,0.0006952937549883371
NVAX,0.0006939560359444207
NWS,0.000692855096841469
UAA,0.0006917213061120759
SVNDY,0.0006913202691289553
FLL,0.0006901201718685168
MTX,0.000689469899970012
BWIN,0.0006892766982302466
HALO,0.0006892137856449896
ETY,0.0006829656379003326
SOLV,0.0006817726716358398
FIX,0.000677964424580678
FE,0.0006766681087083091
AMKR,0.000676656846297018
RSG,0.0006761766393154633
SSNC,0.000675252013666316
KAI,0.0006737979310555461
TRMB,0.0006686584261441586
ACSAY,0.0006678463111085809
CG,0.0006661193548217392
PTEN,0.0006641958723928654
LNT,0.0006628900153354814
DASTY,0.000662084470587454
BORR,0.000660983417466923
PAA,0.0006595625934178802
OMC,0.0006583806330128179
EBAY,0.0006571779935495737
IBP,0.0006562416342156228
RGLD,0.0006559298660364283
MNDY,0.0006517491542329427
DXCM,0.0006481634575392429
AWK,0.0006463638641687591
MDLZ,0.000644165119024507
CBZ,0.0006420978935981361
DB,0.0006411276438141414
PPRUY,0.0006400208977601691
VAC,0.0006345635328527305
SEDG,0.0006336423533788036
TWST,0.0006328094832181047
PWP,0.0006322525523935548
CAG,0.0006262549781665993
WWD,0.0006242235796705179
SU,0.0006241867931246264
MGM,0.0006228378123124807
TKGBY,0.0006206487898227043
APO,0.0006205996419654857
AMTX,0.0006188219728620256
PVH,0.0006182361051154772
ROST,0.00061721275008273
HL,0.0006159571260523949
VRSN,0.000614485925193672
UVV,0.0006133230576258736
LII,0.0006116798976890374
HY,0.0006086857664434268
KD,0.0006084478575034912
CDXS,0.0006057469127267107
EFX,0.0006038626325813508
CMWAY,0.0006025589784893867
DLX,0.0005995179522687009
AGCO,0.0005992117941769818
RPM,0.000595279270901561
KUBTY,0.000587552499691049
KKPNY,0.0005857417539027731
HUBS,0.0005852671162258626
EWBC,0.0005840432758869615
DEO,0.0005835141619580575
VAIAF,0.0005824536070994578
AVY,0.0005792988742804498
GWW,0.0005760204622458721
LEE,0.0005750159008128372
ALC,0.0005733868992187678
TEAM,0.0005722191525826699
POAHY,0.0005703389247994105
CRZBY,0.000569559064662072
DRI,0.0005695062909307504
CEF,0.0005641577857439281
KRG,0.0005636912800630336
DOX,0.0005630369568528683
RIG,0.0005623939239313868
HXL,0.000561872483222429
WH,0.0005590933673609622
VLTO,0.0005586250738210182
ABM,0.0005567097468665845
WAB,0.0005560522300910825
CATY,0.0005547239480898044
XYL,0.0005516030407501414
AFG,0.0005513348421449886
GLPI,0.000549930065668741
GRFS,0.0005470317694489754
UHS,0.0005457156992917272
UUUU,0.000545081416695813
LOPE,0.0005431395504769786
BSM,0.0005419794484337198
RVTY,0.0005403250792600116
MRAAY,0.0005389298782825964
WHR,0.000538724130672313
LB,0.0005379568269750013
TECH,0.0005370979279006869
RDDT,0.0005349948759633003
IFF,0.0005334114721673179
SLM,0.0005321363764501782
GE,0.0005317848700141391
AJINF,0.0005257325835416322
DSGX,0.0005234423419147171
DSDVY,0.000522880564165148
FMS,0.0005217769587420483
NRG,0.0005207147591081631
CENT,0.000519400341681962
AER,0.0005185093091124
GO,0.0005166961329486272
SMFG,0.0005128447251062814
CDLX,0.0005126186393514767
OMVKY,0.0005124748551017199
ATR,0.000511561497318385
MTDR,0.0005093180284682164
CCS,0.0005091928514919416
ETR,0.0005063103270952609
BROS,0.0005019187328460272
HST,0.000500518177476001
APT,0.0004994744152136633
SPCE,0.0004913783634791216
WCN,0.0004895235014390521
WB,0.0004873493514964202
GNL,0.0004846262967565648
RXT,0.0004838998793347348
LHX,0.0004837059421266267
GT,0.00048292328944219077
CROX,0.0004819881151529792
LVMHF,0.00048102814729428055
VSEC,0.00047962189613360564
KMTUY,0.00047827000824136835
WELL,0.0004763769373476822
SSDOY,0.00047526324578266784
TLK,0.000473949788191724
VWDRY,0.0004724148324907557
SF,0.0004700827404106546
MSB,0.0004697301026695916
HNNMY,0.0004679491299964769
AEE,0.0004679318010217155
MED,0.00046740361209828246
DIN,0.00046697026957182004
GFS,0.0004661174814298902
IHG,0.0004647973028707426
ICHR,0.00046458154662905576
WK,0.00046386576810928
CXW,0.0004638339267164516
ALB,0.00046309041416080145
ROG,0.00046289471208657557
KGFHY,0.00045980401909999683
IVZ,0.00045950696794490233
FRCOY,0.0004585320504520671
DAVA,0.0004581772748198079
EQNR,0.00045689422351602026
PR,0.00045619979842465605
AIZ,0.00045611856344230853
PCAR,0.0004533961734029903
SM,0.0004533103826685281
INSM,0.0004527902342623661
INVH,0.0004514699209451978
CARR,0.0004491930079455787
WEX,0.00044720076917574125
MDIBY,0.0004455773124675264
TD,0.0004455499026417999
PFGC,0.0004427597575986285
PNR,0.0004412818859361983
BKU,0.00043973247665922454
KRNY,0.00043950912456801577
DTE,0.0004387034011411954
FIVN,0.0004376163840213283
PNGAY,0.0004361638673524205
CBSH,0.00043449712807621326
FND,0.00043284129745009586
VTR,0.00043279093105488256
CATO,0.00043221019775658057
MAS,0.0004302800596199519
FNB,0.0004282022402762839
IR,0.0004270666998974967
DNUT,0.000426648521296896
O,0.0004249224593669888
VNT,0.0004239625875124165
RRC,0.00042249006407790333
RELX,0.00042247840233005437
WAT,0.00042153922295907695
FCFS,0.0004211406509304096
ORI,0.0004193799798298352
IBDRY,0.0004172052741193864
GNTX,0.00041670633813059517
BF-B,0.0004159890133400941
EFC,0.0004149941306919453
BV,0.00041445891069446746
ELUXY,0.0004137527802108401
VIVHY,0.0004123040173591152
BRK-A,0.00041211338217056156
SPB,0.00041040898844779737
STNG,0.0004100474963456147
ALGM,0.00040991512739514473
UNCFF,0.0004068777021265974
MKTX,0.0004046798034161097
DLB,0.0004040049118255373
GEN,0.00040228524851149356
BKR,0.00040099218616266295
ING,0.0004006849982834195
DCO,0.0003991959862528532
MFC,0.00039700601124207865
RSNHF,0.00039684752803994974
DOV,0.0003960077077212417
TRUP,0.00039378139362013166
UTHR,0.0003925661374839836
LPX,0.0003917304594981077
PFG,0.00039118655837064656
NWG,0.0003877875882855224
PSMMY,0.0003858653362209689
HAIN,0.0003855119792416904
EBF,0.0003847942806485653
MKSI,0.0003840262641827024
PAYX,0.0003805103951545559
ARIS,0.0003766083565097662
AYI,0.00037569629436732296
PII,0.00037561692119523826
BAESY,0.0003754286817692922
LKQ,0.00037495043724692647
CODYY,0.000374779918300207
GMED,0.0003724912918824984
SPOT,0.0003720572198307084
ACGL,0.000370959868163959
POR,0.00036815300974839043
VIV,0.00036790729191853985
EIX,0.0003664069723328414
CLS,0.0003661158612941409
TIMB,0.00036608294957493235
NMIH,0.0003657698184060669
TRU,0.0003654199982470075
SAIC,0.00036306985908099605
EGBN,0.0003620667143840394
CNQ,0.0003618675764673085
SWDBY,0.00036124229331653687
RBC,0.00035864305444477965
NTOIY,0.0003585234419824751
FWONK,0.00035831610920083454
CYTK,0.0003581639138153168
WDFC,0.00035766979159227526
G,0.00035706346140945775
CABGY,0.0003564909860899699
KEYS,0.00035561007801185513
WST,0.00035543280861170606
SNDR,0.00035441977008751234
ABEV,0.00035093695937739246
PEG,0.0003492375632337479
RCKY,0.00034610665147472816
AEG,0.00034557365189880757
TM,0.0003406920687703747
TNC,0.00033990069513140634
CRARY,0.00033927621648777157
MUFG,0.0003391405846527866
TKO,0.00033606689169766063
HUM,0.00033406515405351043
OHI,0.0003331776514308819
GTY,0.0003311284452902692
BNTGY,0.00032922105979645266
ESTC,0.0003291586148863203
KBH,0.0003287760519054954
SLAB,0.000326258571944641
R,0.0003261088375001027
MHVIY,0.0003260638629910349
ARE,0.0003253029949480858
RNMBY,0.0003251602952616247
GPN,0.00032356566857840433
POOL,0.0003232876617872299
BUSE,0.00032319047248032076
CSW,0.00032287665287782086
XRAY,0.0003188654126246845
POST,0.0003180977340844527
WIX,0.0003164207459753339
OTSKY,0.00031304274566895803
LXP,0.00031282066601296977
GDV,0.0003116691836163104
ANGO,0.00031025796467121995
ESNT,0.00030993260809704935
LZAGY,0.0003070271378235861
MUR,0.0003064991781876399
AR,0.00030643357888261843
XNGSY,0.00030640041916282627
JJSF,0.00030583203295063156
SAFRY,0.0003052212475886944
ICL,0.000300860001100434
AGESY,0.0003006867780995257
ENGIY,0.00029637559818790034
BKE,0.00029597703423519633
MRNA,0.00029575993102748627
PLAY,0.0002931814518139761
YTRA,0.0002914300980358755
RGNX,0.00028991776289182707
MSTR,0.00028915310592652493
NVVE,0.000288610282723519
RITM,0.0002868842277019306
MLM,0.0002867298155569871
AHKSY,0.0002851899873635056
AXGN,0.000283521466731383
NAT,0.000282390488680107
TFX,0.0002823286796594856
SOFI,0.00028204460184386734
UCB,0.00028179849092390037
SBGSF,0.0002791430873014701
COLB,0.0002791090164958142
CNMD,0.0002786680570142394
ENTA,0.000276363678883117
WSFS,0.0002740785628017734
BOOM,0.00027404461259870997
FMC,0.0002740046833068589
FWRG,0.0002719061984395425
SKWD,0.00027109300739030086
TDC,0.00027026729499898583
CSPCY,0.00026990426068340467
IQV,0.0002693325072175993
BIPC,0.0002689124789812443
ARCC,0.0002687146434775643
BXP,0.00026613638483049244
KIM,0.00026495461991487364
FSS,0.00026287854480237273
SEKEY,0.0002604943716917974
DBSDF,0.0002573302049577506
TXRH,0.00025726481844960285
VNO,0.00025682097333029966
SXYAY,0.00025620669303716464
DNZOY,0.0002554605262611509
WFAFY,0.0002547781666661763
RWEOY,0.00025309535534948936
CPYYY,0.00025239491039057534
UNCRY,0.0002513190590472005
RNLSY,0.00025067529469827236
NVR,0.0002492014184192153
GPC,0.0002475089517074599
SITC,0.0002473277934377923
VG,0.0002473125497843579
MITSY,0.00024540722552201
WAL,0.00024463997386821713
AME,0.00024452104924774584
UE,0.00024285426050011841
SMNNY,0.00024242677301743052
ENPH,0.00024229794518764673
RBA,0.0002418392283364235
MFG,0.00024110394940068797
HQL,0.0002410244951581245
OC,0.00023932098059578695
CLH,0.00023925217263928364
FRT,0.00023902389855365067
HKXCY,0.0002374128357630666
LAND,0.00023740043744796858
AIV,0.00023493987915042746
NWE,0.00023399809277999364
STLD,0.00023300825808370658
LDNXF,0.0002307160838059484
AMRC,0.00023054163447462476
TRI,0.00023037835362746975
APLE,0.0002301842051918077
EXPE,0.00022952070097187612
MSLOY,0.00022866722149201524
TSEM,0.00022782774100764554
AMCR,0.00022594347011165852
HLPPY,0.00022484578298257477
SSD,0.00022284792969339316
DCI,0.00022281231935937718
SGSOY,0.00022274237791659779
GLAD,0.00022257509661539933
E,0.0002225469102761535
TREX,0.00022160524875052193
FRO,0.00022056157767424883
ARW,0.00021945920588621536
DOCU,0.00021935460827750822
RELL,0.00021911394968926137
CDNA,0.00021388877642187967
FBK,0.00021379554874185574
ASB,0.0002134069233525977
SBAC,0.0002115709754822006
AMCX,0.00021119823852189137
OGE,0.00021083698140907654
IPWR,0.00021065450169666558
LUMN,0.00021021493267127617
GDRX,0.00020807960363403955
EBKDY,0.00020731151900518842
PCTY,0.00020631876005508965
BHF,0.00020585967222836685
LITE,0.00020572528697086832
KIDS,0.00020570843585121282
CNS,0.00020517185161112058
NRDBY,0.0002050587776706733
CIM,0.00020505060363301545
RTNB,0.00020423938726602455
BAP,0.00020410283922751225
GBDC,0.00020408301433967504
CPNG,0.00020375499309563055
SNEJF,0.0002034184440918723
PKCOY,0.0002028056275068421
BXMT,0.00020217066606216484
BC,0.00019975314804860283
EHC,0.0001996221375008691
IEX,0.00019961690014841103
GDDY,0.00019669876435374017
BRX,0.00019485289335288407
RH,0.00019424295621252362
GTES,0.0001919986475111634
TKR,0.0001918174409145488
ENB,0.0001901876434474239
SPXC,0.0001889827225162254
CCEP,0.0001886912281413746
PAGS,0.00018862061154237703
HLMN,0.00018669095638665096
VICI,0.00018632535866963958
ELS,0.00018602613489119966
CWST,0.00018541397235647926
SMECF,0.00018517406836680058
CNM,0.00018487276948840937
SJM,0.00018402789320816012
RYCEY,0.00018378640248289474
LZB,0.00018369342314611707
LFUS,0.00018329223589782964
EC,0.0001830362707524786
TLSNY,0.00018298678406538862
SAIA,0.00018277449791299466
WU,0.0001825203826202348
IMO,0.00017962531895341662
EGY,0.00017948885508409153
WINA,0.00017836979258710622
JG,0.00017833302987850213
FUPBY,0.00017773459536063056
GLPEY,0.0001777002366025898
SUN,0.0001776548182957974
UAL,0.00017764403722632908
NFE,0.0001768268438562121
EVH,0.0001749625746902563
EOG,0.00017491969316033972
HRL,0.00017491279551526396
SMG,0.00017407466849089773
H,0.00017352390797906238
GPOR,0.0001716636436642532
AAGIY,0.00017136457603927668
ARGX,0.00017107134848182894
PRAA,0.0001700393671838261
IMAX,0.00016679200081333128
KYCCF,0.00016624660194659995
NCLTY,0.000165833618915521
TTD,0.00016457560012886254
RRX,0.00016362056609172163
SHOO,0.00016339176985464193
JBGS,0.00016303727690936799
CRWV,0.0001629497892419897
INFY,0.0001611306761234397
FIP,0.00016107689677011613
KEX,0.00016079724726203134
NABZY,0.00015951288596943947
SOMLY,0.00015911670752671655
ENGQF,0.00015909411744509093
DOC,0.00015689747073055412
NNN,0.0001568074596835058
GVDNY,0.00015645222801613138
SSP,0.00015539105391955372
NGVT,0.00015538877706006743
BUI,0.0001540149775362742
NPK,0.00015397092973538153
AONNY,0.00015183978960384896
AVT,0.00015087408108016776
AMBA,0.00015005473846669607
PSA,0.00014984128046018985
BCRX,0.0001496878052765759
CCJ,0.0001495635015362106
NCLH,0.00014917968067514953
VLEEY,0.00014828951405384836
UCBJY,0.00014826805699071083
CRRFY,0.0001476347802559255
CBRE,0.0001464047953175074
RIO,0.00014473923904890552
AVTR,0.00014454367493773137
SNPS,0.00014406994273097128
CF,0.00014392862650590508
VOYG,0.0001432999530810737
TTC,0.00014305846246699886
ENLAY,0.00014302000204654522
IBDSF,0.00014289875152673524
RHHBF,0.00014260735053942322
BCPC,0.0001422126465776306
IART,0.00014142363284112586
BASFY,0.0001407977309453751
NTDOY,0.00013990680531453551
SAN,0.00013918478872383894
SW,0.000139160656609813
HIW,0.00013857510060372966
NAVI,0.0001383653651068518
KOS,0.00013821692686979986
UNCHF,0.00013786440110317565
LEVI,0.0001378438672482081
PNW,0.00013759247789023302
FANUY,0.0001362540153600631
EMN,0.0001362464233147966
SKFRY,0.00013559848371599452
SPSC,0.00013538305228229255
RAMP,0.00013534761905803838
AXS,0.00013322134747678215
LRLCY,0.00013237917936526018
VAL,0.00013214414629628243
UTZ,0.00013048120103191445
FOX,0.00012993202749174838
NCBDY,0.00012901180911338106
CFRUY,0.00012567218970173155
CENTA,0.00012547935718527494
BDC,0.00012437388215346282
OTIS,0.00012299218265580004
TMSNY,0.00012161484734295399
FHB,0.00012151704206933677
EG,0.00012133414460501069
NYT,0.00012094359336580714
KRNT,0.00012091264620742567
BCE,0.00012079913271064554
JAPAY,0.0001207549551904297
PRI,0.00011994668548168886
CFR,0.00011975435470924348
AGNC,0.00011882023516843548
PEGA,0.00011856772648899787
SIRI,0.00011839374480984088
IX,0.00011828781911880855
NEOG,0.00011825525179756958
VICR,0.00011693590825388488
RS,0.00011671355366206924
BRKR,0.00011626955932501695
TMICY,0.00011591679790227701
SHAK,0.00011585281369301096
BKH,0.00011563999549127308
ABG,0.00011526358059805985
RDEIY,0.00011497754772459022
OLCLY,0.0001146274084381266
CHKP,0.00011462061057332281
MAT,0.00011451860849280636
BMEZ,0.00011344274304100155
DORM,0.0001129132722599679
DKS,0.00011266944079260362
PAAS,0.00011221356958565664
HTH,0.0001117249202576155
GBCI,0.00011167921899448983
GATX,0.00011079198061437409
BSTZ,0.00011023858293774359
OVV,0.00011017647334262292
SE,0.00011004527716656533
MSADY,0.00010998102075490012
LDOS,0.00010956252954633867
SWGAY,0.00010893210360366352
ARI,0.0001087195270857966
SVNLY,0.00010845967045818074
MAIN,0.00010616994415769332
SVC,0.00010596151128087735
LESL,0.00010575462040545217
PERI,0.00010534380798009067
DY,0.00010473488188610817
BNPQF,0.00010466129748845575
GNK,0.00010464372776754476
RARE,0.00010304069928536704
HVRRY,0.00010258036918960235
DTEGY,0.00010192398600416596
NOK,0.00010087880875315206
REXR,0.00010074412194954765
LLDTF,0.00010056015769200404
TEM,9.975103487466465e-05
COKE,9.902234635715958e-05
UGI,9.873242026988595e-05
MATX,9.866402561661269e-05
CNA,9.863388488088457e-05
TEZNY,9.664345481562631e-05
WIW,9.604912697716223e-05
IMBBY,9.521584043611786e-05
CMSQY,9.520261160176727e-05
ZURVY,9.497872270133772e-05
TTEK,9.496615767460812e-05
HEI-A,9.298192144620194e-05
SONVY,9.264737013983614e-05
BURBY,9.205829213143301e-05
EXR,9.158750781004468e-05
MQBKY,9.098955124522097e-05
HXGBY,9.092427752789209e-05
CDP,9.06679873916737e-05
KRC,9.028942058724637e-05
SSUMY,8.976062480337249e-05
BOH,8.953822626906616e-05
DMLP,8.912341116680013e-05
WTM,8.805291531863786e-05
SLGN,8.743050362392882e-05
KDDIY,8.708035500601729e-05
ODFL,8.691794773921501e-05
VNOM,8.654257989157532e-05
HNI,8.584637233998995e-05
ZION,8.565665562331364e-05
GEHC,8.535196267131642e-05
TS,8.494839312106183e-05
LOGI,8.492540624033214e-05
NJR,8.49225976158947e-05
CWH,8.472089113089274e-05
CBU,8.21020350976045e-05
RWT,8.162950148450323e-05
SFGYY,8.15125313144894e-05
KRP,8.143364171131105e-05
ONON,7.996609629429366e-05
RC,7.995224103801582e-05
BCO,7.990202969186623e-05
VCISY,7.856304934113847e-05
SAIL,7.815212572487423e-05
HMC,7.814069745927247e-05
BATRK,7.807015957760044e-05
OXM,7.591835192954685e-05
PECO,7.567739358947145e-05
PSIX,7.50052101591318e-05
CNO,7.458697531841126e-05
PUBGY,7.4313649594622e-05
THLEF,7.194516069687663e-05
FINMF,7.12261016205718e-05
EVRG,7.048925901866369e-05
PLCE,7.041471211438746e-05
NDSN,6.917793397170579e-05
CINF,6.84023682415286e-05
SBSI,6.802864651093903e-05
CNH,6.728465553973591e-05
TRV,6.627394751459624e-05
VOPKY,6.547540413837272e-05
CNI,6.471933240671976e-05
NTRA,6.447140759949588e-05
VOYA,6.359605224395674e-05
SWX,6.309883970387112e-05
ESLOY,6.223108953970027e-05
GGG,6.132481537865115e-05
REG,6.04400452247631e-05
SIGI,6.03036739969913e-05
MAA,6.016678734377174e-05
ACI,5.953682785137996e-05
LXFR,5.85409261837377e-05
CON,5.8320248703180104e-05
GXO,5.742558508073408e-05
VCTR,5.675513560723304e-05
PATK,5.6544140483615497e-05
TRNO,5.578082387475234e-05
CNK,5.513405161201062e-05
PHI,5.3144582549854945e-05
SSREY,5.27359734452585e-05
LAUR,5.151330484705489e-05
HDB,5.05085541628675e-05
NRILY,4.901140435974199e-05
SNOW,4.781514316605376e-05
SHECY,4.7270105419542554e-05
TELNY,4.6735102619058005e-05
SCMWY,4.5061044271520065e-05
LNC,4.503017814012488e-05
AIQUY,4.4880144238807886e-05
TRIP,4.4267915041410334e-05
ATKR,4.272204077001027e-05
DANOY,4.129307863679033e-05
HIG,4.036362523402939e-05
HTLD,4.0322698563230656e-05
JAPSY,4.000000488032818e-05
MXL,3.80023439536686e-05
CAR,3.7661329222632965e-05
ALV,3.7263390246672344e-05
CHE,3.570688832377351e-05
CMPGY,3.512053103139879e-05
WTRG,3.503404370869419e-05
VSH,3.466604373022819e-05
BLMN,3.4445871821975316e-05
FGBI,3.440238224565234e-05
NICE,3.347623380901776e-05
BABAF,3.332741785074976e-05
MIAX,2.986660168843859e-05
LSTR,2.857568018528882e-05
COO,2.8381274701672947e-05
AMTD,2.5108998831687964e-05
EIG,2.406737225879766e-05
HOCPY,2.3193869291528673e-05
JSAIY,2.2925018701868208e-05
HOMB,2.2482347709358857e-05
GNW,2.2225568779992816e-05
FFIV,2.0761793859380894e-05
SUHJY,2.0079306789623377e-05
INDB,1.881632870749068e-05
CCC,1.826376075206928e-05
AWI,1.780174809966054e-05
FCN,1.702181486024565e-05
CPXWF,1.6539405343041344e-05
LAD,1.3322109902229155e-05
UBSI,1.1120701325263016e-05
ASTH,1.1111124917615825e-05
DLR,1.0713298457114062e-05
PBYI,1.0583559152327579e-05
XPRO,1.0130908271484837e-05
NWBI,8.503322614932663e-06
RTO,7.032318110796571e-06
TAK,6.973420836929963e-06
JBI,5.884390960342249e-06
IMKTA,4.775469843891326e-06
TPL,4.119903378616208e-06
CSTL,4.06735017779346e-06
HSHCY,3.814960498937399e-06
MAN,3.539650231988239e-06
SOUN,3.2593802106924423e-06
AQN,2.2151594669499175e-06
NLY,1.5432385782546883e-06
CSIQ,1.0473977867471505e-06
FCPT,5.456906738151803e-07
RGA,4.3399291474068957e-07
MTUAY,0.0
NDBKY,0.0
NESR,0.0
NEXOY,0.0
NDEKY,0.0
NE,0.0
NEU,0.0
NFX,0.0
NGS,0.0
MTUM,0.0
MC,0.0
MCS,0.0
MDGL,0.0
MURGY,0.0
MYE,0.0
MYRG,0.0
NBIS,0.0
CICHY,0.0
CJREF,0.0
MDXG,0.0
MFP,0.0
MGYOY,0.0
ONEW,0.0
CM,0.0
MSA,0.0
MSACX,0.0
MNRO,0.0
MRLN,0.0
PAY,0.0
PBH,0.0
PCG,0.0
PCLN,0.0
AGO,0.0
LTGHY,0.0
MAGN,0.0
MBGL,0.0
MBGYY,0.0
NJDCY,0.0
NNGPF,0.0
NNGRY,0.0
NTTYY,0.0
NVST,0.0
BTE,0.0
PCY,0.0
PDBC,0.0
PEBO,0.0
BZLFY,0.0
PAG,0.0
PAL,0.0
PARA,0.0
CLDT,0.0
MIC,0.0
MIELY,0.0
MLPI,0.0
MLPRX,0.0
MDRX,0.0
MDY,0.0
AEM,0.0
CAIFX,0.0
PFS,0.0
PKB,0.0
CMPR,0.0
NGLOY,0.0
MBLY,0.0
MD,0.0
MDDVX,0.0
CNR,0.0
CNRAF,0.0
PKW,0.0
PL,0.0
PNFP,0.0
PNPFF,0.0
PNQI,0.0
LNVGY,0.0
LPSN,0.0
LSRCY,0.0
ADT,0.0
ADTN,0.0
NXRT,0.0
QBIEY,0.0
QCGLIX,0.0
QCGRIX,0.0
QCSTIX,0.0
QQQ,0.0
QREARX,0.0
POWI,0.0
PRE,0.0
PRNHX,0.0
PRPFX,0.0
PS,0.0
BTZ,0.0
BW,0.0
MG,0.0
MGEMX,0.0
MGRC,0.0
OGFGF,0.0
OLYMY,0.0
OMF,0.0
OMRNY,0.0
ONTO,0.0
OPHLY,0.0
OPI,0.0
ORA,0.0
KT,0.0
LAZ,0.0
LEN-B,0.0
LGRDY,0.0
LLESY,0.0
LLYVK,0.0
PUK,0.0
KB,0.0
KCDMY,0.0
KGSPY,0.0
KHNGY,0.0
KKOYY,0.0
KMT,0.0
KNRRY,0.0
KPCPY,0.0
QUAD,0.0
RAND,0.0
BMR,0.0
BOKF,0.0
KSRYY,0.0
OCDDY,0.0
OCLCF,0.0
OSUR,0.0
OTCM,0.0
CRI,0.0
CRMT,0.0
LYSFF,0.0
MANH,0.0
LQDT,0.0
RELY,0.0
REVB,0.0
JGCCF,0.0
JOE,0.0
JRONY,0.0
CQP,0.0
CR,0.0
CRH,0.0
OVCHY,0.0
PB,0.0
PD,0.0
PDRDF,0.0
PDS,0.0
RGC,0.0
RMBS,0.0
RNR,0.0
RBCAA,0.0
RCI,0.0
RYN,0.0
BIP,0.0
BITA,0.0
PEN,0.0
LMGEX,0.0
LNN,0.0
ROC,0.0
RODM,0.0
RPT,0.0
RRTS,0.0
RSP,0.0
RUM,0.0
RVI,0.0
IOT,0.0
LAZR,0.0
LBTYA,0.0
LCII,0.0
LECO,0.0
CSRA,0.0
CSTM,0.0
KPELY,0.0
IRTC,0.0
JBHT,0.0
JBTM,0.0
RVT,0.0
RWL,0.0
RYAM,0.0
SH,0.0
BLX,0.0
BMGAX,0.0
S,0.0
SANM,0.0
SAXPY,0.0
SBGI,0.0
SBH,0.0
SBNY,0.0
INN,0.0
INPAP,0.0
INSP,0.0
INVA,0.0
INVX,0.0
SLF,0.0
SDXAY,0.0
KWIPF,0.0
KWR,0.0
PIAIF,0.0
PLTK,0.0
PPC,0.0
PPERY,0.0
SEMG,0.0
SERV,0.0
HURC,0.0
IAG,0.0
IBRX,0.0
IFJPY,0.0
PRAX,0.0
PRKS,0.0
KLIC,0.0
KOSCF,0.0
CRY,0.0
KALU,0.0
KBCSY,0.0
KEP,0.0
SI,0.0
SNPHY,0.0
SNX,0.0
SOLS,0.0
KGC,0.0
PROSY,0.0
PRYMY,0.0
PTAIY,0.0
PUMP,0.0
PUTKY,0.0
SLV,0.0
SMAWF,0.0
SMCAY,0.0
BETR,0.0
HSQVY,0.0
HIMX,0.0
QCRH,0.0
QTWO,0.0
CWGL,0.0
JCAP,0.0
JGCCY,0.0
JRVR,0.0
ITOCF,0.0
HNST,0.0
HONA,0.0
HRTX,0.0
BIOA,0.0
SNGNF,0.0
CTBI,0.0
CTTAY,0.0
CTVA,0.0
CUAEF,0.0
CVE,0.0
RAL,0.0
RANJY,0.0
SPHQ,0.0
SPLS,0.0
SPWR,0.0
SRI,0.0
SSB,0.0
HEGIY,0.0
HEINY,0.0
RLAY,0.0
RLJ,0.0
RNG,0.0
INO,0.0
INOV,0.0
IPKW,0.0
IPXHY,0.0
ISUZF,0.0
INFO,0.0
SSMXF,0.0
STI,0.0
SON,0.0
SOUHY,0.0
IXP,0.0
IYT,0.0
DAKT,0.0
DBD,0.0
RUSHB,0.0
GOFPY,0.0
GTLB,0.0
PHIN,0.0
GVA,0.0
STRNY,0.0
BATRA,0.0
VLY,0.0
BBBY,0.0
BBT,0.0
BEEP,0.0
VLVLY,0.0
VLRS,0.0
SALRY,0.0
IDV,0.0
IHE,0.0
IJH,0.0
ILF,0.0
HTZ,0.0
HUBG,0.0
SUI,0.0
SUNE,0.0
SVM,0.0
SXT,0.0
GCO,0.0
GIC,0.0
IAI,0.0
IAU,0.0
VIVO,0.0
SDVKY,0.0
SDZNY,0.0
VEOEY,0.0
SFL,0.0
GASNY,0.0
GBERY,0.0
GBX,0.0
SYPR,0.0
TACO,0.0
VDMCY,0.0
TATYY,0.0
TBVPF,0.0
BAM,0.0
ATRO,0.0
BAMXF,0.0
BAND,0.0
TDHOY,0.0
TE,0.0
TELNF,0.0
VACNY,0.0
TGE,0.0
TGTX,0.0
THG,0.0
FQVLF,0.0
FRFHF,0.0
FSLY,0.0
FSUGY,0.0
FTRE,0.0
FULT,0.0
TPYP,0.0
THRM,0.0
TIME,0.0
SFNC,0.0
SFST,0.0
SGBLY,0.0
SHG,0.0
SHO,0.0
SHTDY,0.0
SIGCY,0.0
DFIN,0.0
TAL,0.0
TIXC,0.0
TLN,0.0
ATI,0.0
UVSP,0.0
EMLP,0.0
FIBK,0.0
WRDLY,0.0
FISI,0.0
WOLWF,0.0
NPO,0.0
PSQ,0.0
RGT,0.0
DBP,0.0
DCTH,0.0
DDS,0.0
HR,0.0
HSTM,0.0
FLXN,0.0
TOLLX,0.0
TOT,0.0
AROW,0.0
ASIX,0.0
WING,0.0
IHS,0.0
JMHLY,0.0
VWAGY,0.0
MRT,0.0
DLAKY,0.0
ZLNDY,0.0
EMC,0.0
GTN,0.0
UPMMY,0.0
TRS,0.0
UTGN,0.0
ETOR,0.0
FBP,0.0
EPRT,0.0
ESRT,0.0
EUO,0.0
EVR,0.0
HOPE,0.0
SINGY,0.0
SKBSY,0.0
SKHHY,0.0
SKHSY,0.0
SKHY,0.0
SLLDY,0.0
SMA,0.0
SMFNF,0.0
FATE,0.0
TV,0.0
ARMH,0.0
ASOMY,0.0
ATAZF,0.0
SMMNY,0.0
HESAY,0.0
HF,0.0
CAJPY,0.0
HLDCY,0.0
DK,0.0
GTX,0.0
BDRFY,0.0
UHAL,0.0
UI,0.0
ULTI,0.0
UN,0.0
ENBP,0.0
ENVX,0.0
BDVSY,0.0
HEI,0.0
SMTOY,0.0
SN,0.0
SNDA,0.0
SNNUF,0.0
SOAGY,0.0
SOBKY,0.0
BEKE,0.0
EGIEY,0.0
NTRP,0.0
UNF,0.0
APVO,0.0
CGNT,0.0
ARCI,0.0
ARCO,0.0
ACSDX,0.0
ACT,0.0
GOLF,0.0
GPCR,0.0
GPT,0.0
VADDX,0.0
VAXX,0.0
CHCO,0.0
VEVIX,0.0
DRPRY,0.0
DSKYF,0.0
DSNKY,0.0
DTRUY,0.0
EDPFY,0.0
HCC,0.0
HCMLY,0.0
VIXY,0.0
GNGBY,0.0
GOGL,0.0
DOMO,0.0
CHEF,0.0
GGT,0.0
VMBS,0.0
VMI,0.0
AMX,0.0
ANF,0.0
AOZOF,0.0
APAM,0.0
APC,0.0
ARKAY,0.0
USG,0.0
MRP,0.0
GICIX,0.0
GIGB,0.0
GLD,0.0
GLIBA,0.0
GLNCY,0.0
ADNT,0.0
SPKKY,0.0
SPXCY,0.0
SUTNY,0.0
MRVI,0.0
VRM,0.0
MSSMY,0.0
VSMIX,0.0
VTIP,0.0
VXX,0.0
WARFY,0.0
DNBBY,0.0
DNNGY,0.0
MTH,0.0
SZKMY,0.0
TBPH,0.0
FXH,0.0
FXP,0.0
GCBC,0.0
MTSFY,0.0
GEM,0.0
DNPLY,0.0
DQJCY,0.0
DRH,0.0
WASCX,0.0
WASH,0.0
AMKBY,0.0
AMRX,0.0
AMSYF,0.0
MKTAY,0.0
FVD,0.0
FWONA,0.0
FXB,0.0
FXC,0.0
FXD,0.0
FXG,0.0
FSNUY,0.0
WIT,0.0
DDD,0.0
DEI,0.0
DHLGY,0.0
DLICY,0.0
DMRC,0.0
CXT,0.0
FSTR,0.0
FTGC,0.0
FTK,0.0
FTS,0.0
FUL,0.0
MLKN,0.0
TKAMY,0.0
TKC,0.0
TLGPY,0.0
CZMWY,0.0
WOOF,0.0
WSC,0.0
WTFC,0.0
MLYNF,0.0
MMS,0.0
MOG-A,0.0
NTCT,0.0
YAHOY,0.0
YCS,0.0
YUMC,0.0
AAVMY,0.0
ABBNY,0.0
ACHC,0.0
ADRNY,0.0
WW,0.0
WX,0.0
WYNMY,0.0
YACKX,0.0
CBT,0.0
CTRE,0.0
OGN,0.0
ALG,0.0
ALIZY,0.0
ALKS,0.0
OII,0.0
TLPFY,0.0
TME,0.0
FNKO,0.0
FOSL,0.0
TOELY,0.0
TOTZF,0.0
OLN,0.0
TRMK,0.0
TSCDF,0.0
OMCL,0.0
CNTY,0.0
COMP,0.0
AOSL,0.0
TTDKY,0.0
TX,0.0
TXNM,0.0
EJPRY,0.0
NZTCF,0.0
CBL,0.0
FINMY,0.0
FLMVX,0.0
FLWS,0.0
FLY,0.0
ADUS,0.0
AESI,0.0
AHCHY,0.0
AKR,0.0
ALAB,0.0
ATEYY,0.0
CHH,0.0
CHRS,0.0
CIG,0.0
CIHKY,0.0
CLLNY,0.0
CLVT,0.0
CMPS,0.0
AMBR,0.0
AMC,0.0
AMSF,0.0
AMTM,0.0
ANCTF,0.0
ANY,0.0
ANYYY,0.0
ANZGY,0.0
AIVAF,0.0
MHGVY,0.0
FFBC,0.0
EEFT,0.0
EEM,0.0
EGO,0.0
EGP,0.0
EYE,0.0
AKZOY,0.0
APPS,0.0
ARR,0.0
ARRY,0.0
ARWR,0.0
ASMVY,0.0
MICC,0.0
ASXFY,0.0
FAF,0.0
FAS,0.0
FBSI,0.0
FCG,0.0
FCNTX,0.0
TYG,0.0
UMICY,0.0
UPMKF,0.0
CCXI,0.0
CDE,0.0
CGEMY,0.0
CHEOY,0.0
AVVIY,0.0
MJDLF,0.0
AIN,0.0
MJNA,0.0
BEPC,0.0
BFS,0.0
BH,0.0
BLBD,0.0
BLNK,0.0
BMRRY,0.0
MKKGY,0.0
BALY,0.0
BBSEY,0.0
BBWI,0.0
CFFN,0.0
BDORY,0.0
OTEX,0.0
CCLD,0.0
CCOEY,0.0
CCOI,0.0
BELFB,0.0
AAT,0.0
WTSHF,0.0
OUNZ,0.0
ABX,0.0
WTKWY,0.0
BRDCY,0.0
BREW,0.0
BRKL,0.0
BVVBY,0.0
BXBLY,0.0
BYDDF,0.0
ENTL,0.0
ENVA,0.0
EPP,0.0
ZG,0.0
YOU,0.0
NVDQ,0.0
NNVC,0.0
NOKBF,0.0
NPSNY,0.0
OUT,0.0
NMFC,0.0
NMRK,0.0
ACAD,0.0
XLB,0.0
P,0.0
YASKY,0.0
VRNS,0.0
VSNT,0.0
VTS,0.0
AAON,0.0
TECK,-1.694024563918202e-06
FTDR,-3.416176348545178e-06
KMPR,-3.616566754062559e-06
TTAN,-4.016865581786772e-06
OZK,-5.989250318125955e-06
CUBE,-6.66911417476254e-06
AAIGF,-6.735561277609428e-06
WJRYY,-7.345405830841431e-06
RGEN,-7.753005915993652e-06
LBTYK,-8.504938635104699e-06
SARO,-1.2948992186033205e-05
MMSI,-1.3851963822431303e-05
TYL,-1.4088232232846714e-05
SPCX,-1.4336815871656584e-05
MTG,-1.5253179315723963e-05
RLI,-1.8273497717710768e-05
GL,-1.8695237367154516e-05
LULU,-1.8918667222111692e-05
STT,-2.0261598889102415e-05
SKT,-2.1501256016382352e-05
RUSHA,-2.2243895165180178e-05
STWD,-2.2765125070514194e-05
ENR,-2.4076440775924838e-05
SMCI,-2.440262799716851e-05
TOST,-2.5562886508034523e-05
FLR,-2.5966048173113436e-05
JAZZ,-2.60104327342966e-05
IRT,-2.7161636146072363e-05
REYN,-2.842103822310711e-05
ACIW,-2.842517420882537e-05
TKOMY,-2.8840954689769827e-05
BDN,-3.139791660800224e-05
MKC,-3.2288011905013054e-05
AXAHY,-3.270250558094813e-05
PBR,-3.2719749559810714e-05
MHK,-3.282237816809434e-05
WF,-3.3706338019346636e-05
ORKLY,-3.3824391319154116e-05
ALFVY,-3.469625452703913e-05
PRIM,-3.641467878241292e-05
FTI,-3.738313526875685e-05
ITRI,-3.8954556386318386e-05
UOVEY,-3.983668529935504e-05
FNV,-4.202029922795525e-05
XRX,-4.251178685845616e-05
ESS,-4.30701239059386e-05
INGR,-4.384336454713505e-05
CLPBY,-4.4857504691864426e-05
EXLS,-4.566012640654251e-05
CPT,-4.60550959266133e-05
IDEXY,-4.622403705884581e-05
STBFY,-4.6583559760779826e-05
MTN,-4.671993085467071e-05
DKILY,-4.6733328587647734e-05
TCTZF,-4.7963184845790246e-05
FSK,-4.833348462639357e-05
HPP,-4.893855304698657e-05
IONQ,-4.9132556129043576e-05
CART,-5.063234268507113e-05
BFAM,-5.247039276389155e-05
PAM,-5.317589029071542e-05
CMP,-5.318835152878016e-05
RJF,-5.336335801260406e-05
WAFD,-5.358220416734356e-05
BHR,-5.385607217035755e-05
HE,-5.3905566332773585e-05
DWAHY,-5.5383568306316376e-05
MLCO,-5.679616681115257e-05
UFPI,-5.7144296660330524e-05
KRYAY,-5.746989025319671e-05
UUGRY,-5.8399651472233243e-05
SYNA,-6.053154847736195e-05
UA,-6.277508637478368e-05
MGDDY,-6.307434610769506e-05
EXC,-6.347378467225073e-05
FBRT,-6.386482319426691e-05
NTR,-6.506214806975587e-05
TEX,-6.521871444468901e-05
PTC,-6.529322811708112e-05
SMGZY,-6.640143586909635e-05
MGPI,-6.685722775977084e-05
CRUS,-6.770602558692982e-05
SWRAY,-6.806650825991725e-05
CODI,-6.809502684966282e-05
TAP,-6.89842061816745e-05
FSV,-7.025455666792363e-05
RBGLY,-7.032726196406949e-05
NTST,-7.056752159655434e-05
IDA,-7.064758252789234e-05
PSEC,-7.14082534333771e-05
YELP,-7.208143124183574e-05
ERIE,-7.36221342263427e-05
UDR,-7.374047949336633e-05
DNTUY,-7.43827900797418e-05
FUJIY,-7.486262877598586e-05
CECO,-7.497806594103356e-05
CW,-7.505683645540369e-05
MIDD,-7.786394864322754e-05
ARM,-7.851207291352622e-05
CNDT,-7.945662444997826e-05
MDNDF,-7.976995569766055e-05
TU,-8.25861914350083e-05
WTW,-8.262531151443189e-05
PAC,-8.347623628689229e-05
CUZ,-8.490793083268025e-05
CDRE,-8.631585715804553e-05
ZM,-8.652064728307109e-05
TRP,-8.65973897585503e-05
ANDE,-8.778786857036581e-05
SGAPY,-8.815708989712764e-05
AIT,-8.833569534814911e-05
HRB,-8.936120770046326e-05
EQH,-9.088363834138178e-05
MONOY,-9.092362916700449e-05
CSLLY,-9.174805592291596e-05
KNX,-9.348265514430145e-05
JD,-9.389096120032662e-05
ZS,-9.458956212780395e-05
FPI,-9.504281621452651e-05
ESLT,-9.69655004542359e-05
MP,-9.780734620093293e-05
SIMO,-0.00010243242348890842
FIZZ,-0.00010320375020627656
CASY,-0.00010472399108078556
FPAFY,-0.00010500111529591994
EXPO,-0.00010624326020062665
SNY,-0.00010781089062879725
BLKB,-0.00010813740007933138
ACRE,-0.00010829478628858203
GRX,-0.00010898420648729399
KDP,-0.00010986718739799455
LAMR,-0.00011220836851630588
ALRM,-0.00011258161925704022
CRNC,-0.00011314442257315271
Q,-0.00011363010471467811
ED,-0.0001137470867987127
ENGGY,-0.0001147671499236627
NSANY,-0.0001158321561707376
DRS,-0.00011631344405960352
HUBB,-0.00011721084743277253
BYD,-0.00011875670531255364
VET,-0.00011941337450081563
FUJHY,-0.00012015236491304216
BYND,-0.0001203418990904753
COGT,-0.00012107544500344596
PRGS,-0.00012496287957085192
FOUR,-0.00012701197048889352
BWA,-0.0001272079001396161
SRPT,-0.00012781350003560434
SSEZY,-0.00012870736813910946
IONS,-0.00012905408210418543
HLF,-0.0001327211897268585
MHVYF,-0.0001333622566959806
HCSG,-0.0001348487208429653
BEP,-0.00013500077296466854
MEOH,-0.00013501059246787112
GPI,-0.00013573867102892974
HESM,-0.0001359605964706105
NINOY,-0.00013635107783853195
JSGRY,-0.0001367116624560338
OGS,-0.0001381863612159004
FJTSY,-0.00014035666014849903
PDM,-0.00014223169347870685
LI,-0.000144466403799421
STM,-0.00014463296743446856
TRUMY,-0.00014482378188284317
JBLU,-0.00014607986706601162
FAST,-0.00014903528091352156
NBIX,-0.00014931546385938524
ISUZY,-0.00015430145036399916
MTB,-0.00015627788437333582
MTHRY,-0.00015747250754826513
EVTC,-0.0001578515653201734
BKD,-0.00015886588705780672
ESE,-0.0001589161097513157
YARIY,-0.0001590869897054813
IPGP,-0.00015933483707192194
EVVTY,-0.00015939422939823878
EGHT,-0.0001601613855517893
KYOCF,-0.0001618677826786576
ASX,-0.00016607322884431208
NMR,-0.00016626645827580165
BDRFF,-0.00016713551177764387
KNBWY,-0.00016716230301857475
ILPT,-0.00016737259545879528
CSL,-0.0001697948260063901
EXEL,-0.00016997604608368075
WTS,-0.0001700609379704809
ACB,-0.00017220677504339366
WGO,-0.00017243067230065983
JKHY,-0.00017370392260673953
EXP,-0.00017645156558752549
WDS,-0.0001765460854070215
FANG,-0.00017795535583431556
CMS,-0.0001822569969590169
MITEY,-0.00018292982637492137
BHC,-0.00018351807120737
AMH,-0.0001841243429622643
JBL,-0.0001851207017999233
HTHIY,-0.00018566735798053035
BG,-0.0001872146654425805
TOELF,-0.0001889889948335931
KKR,-0.00018965317673911837
PRU,-0.00019166692625406992
THC,-0.00019169770612209388
VTRS,-0.00019305680027195557
HYT,-0.00019330171837832197
AMBP,-0.00019375882651280545
RLMD,-0.0001946550694440297
BIO,-0.00019810809705722273
PINS,-0.00019908598653249748
QSR,-0.00020116793482986972
JEF,-0.0002079367002859909
ASBFY,-0.00020816798507903631
REZI,-0.00020950291599030647
SKLTY,-0.00020956691185784222
PWCDF,-0.00021000124948803957
CABO,-0.00021099789731620838
VTKLY,-0.00021248926164187045
NWL,-0.0002205330465807042
TNL,-0.00022122404165624552
CNSWF,-0.0002222462241395463
SBLK,-0.0002229007228424499
HIMS,-0.00022311614755272393
BBY,-0.00022397540170347057
CJPRY,-0.0002247050686116472
HII,-0.00022474849746444042
DAR,-0.00022516069142088045
FUN,-0.00022756925053577542
PRLB,-0.00022837277615109228
MZDAY,-0.00022944571183815038
INOD,-0.00023024245149725508
DKNG,-0.00023170230030957004
AVXL,-0.00023461709764348835
RCON,-0.00023647067645574986
AGX,-0.00023723300029914897
UNFI,-0.0002375763487515793
SEIC,-0.0002379017562933051
ANIK,-0.00023860873219980948
VNCE,-0.00023892261680866878
MOH,-0.0002417668014428135
AATC,-0.00024206960518412685
KPLT,-0.0002444401534127758
TW,-0.0002449440820625861
EXE,-0.00024535105052865005
WMB,-0.00024628052409978157
PYPL,-0.0002466935657846202
ARES,-0.0002467094654941556
QNT,-0.0002477961659494516
HURA,-0.0002479564710447787
FTV,-0.00024984018791109823
SURG,-0.0002499683880816277
XHR,-0.00025077742544036234
NVCR,-0.00025150553627398053
EPR,-0.00025207977673182556
ST,-0.000252616899518463
BTLCY,-0.0002590024059193599
SONO,-0.00026089937840277253
FBIN,-0.00026113202039269683
CPAY,-0.00026401087556869986
OWL,-0.00026500105501267004
GRPN,-0.00026518000165578717
RYAAY,-0.0002654136965108533
OPY,-0.0002672786740214729
COTY,-0.0002678249218646499
SYIEY,-0.0002702740725469699
NKTR,-0.0002724714743467684
STZ,-0.000272680750244572
WYNN,-0.00027632828892484667
KVUE,-0.0002782361933881354
DQ,-0.0002792983277320341
AMLX,-0.00028014195952358854
SR,-0.00028038990935588836
LNTH,-0.000282610315266821
ATOS,-0.0002844164632103838
SGI,-0.0002857676654375877
ATHM,-0.00029038016783559787
AIR,-0.0002919025421969419
MDU,-0.00029308836856691104
ICFI,-0.0002943239820582178
ALLE,-0.00029460289924806803
BRBR,-0.0002957717798357047
LTC,-0.0002959411782931632
FCNCA,-0.000302102922382551
AEIS,-0.00030210814576204505
SRNE,-0.0003030710887279305
BHKLY,-0.0003044970535353135
GBOOY,-0.00030659902814389716
GIL,-0.0003090030586709427
BMNR,-0.0003129337001013184
ECPG,-0.0003133354868007689
SFTBY,-0.00031396392672962224
GWRE,-0.0003169321032836963
WPP,-0.0003174040437588135
HHH,-0.00031773024812774167
PRNDY,-0.0003197157189363097
STLA,-0.000321661236268009
SIEGY,-0.00032527631420538306
LILA,-0.00032759720607089445
ARCB,-0.00032833622191945106
BDNNY,-0.0003285003946581534
NSP,-0.00033645073368206564
PDD,-0.0003365066146236987
SFTBF,-0.0003366916133188104
MORN,-0.0003379460577789327
FR,-0.00034136238049808866
ADM,-0.0003441226437898978
BBAI,-0.0003456179447259491
IBN,-0.00034841147135513556
REX,-0.0003523495973260726
NVGS,-0.0003551032210007808
GFI,-0.00035772142070713143
KURA,-0.0003621859730977698
FF,-0.0003650259519707501
ESAB,-0.0003665037869960369
DIOD,-0.0003665878300061488
TRN,-0.0003692111877437815
SMR,-0.00036998112307371845
UNM,-0.0003704298299258075
JACK,-0.00037097425361273546
IDT,-0.00037161323072148637
TDS,-0.00037223108425021487
ELAN,-0.00037299016980117824
TGOPY,-0.00037301842916675
BILL,-0.00037527425949051115
TSCDY,-0.00037603429030564684
TPR,-0.0003784536443838083
SOMMY,-0.00038368958662502025
CMTG,-0.00038549478122233786
EAT,-0.0003867723614342108
ZTO,-0.00038782933237214285
ICLR,-0.0003879022373780939
CHRD,-0.0003902748772351222
EPAC,-0.00039059541455132045
XYIGY,-0.0003939827930185573
GLOB,-0.00039546722285768666
DBX,-0.00039617234027094166
TNDM,-0.00039750304692744436
NRDY,-0.0003980251426713111
CCK,-0.00039819121641793695
CRON,-0.00039824064583117517
CHRW,-0.00040018048848470763
OKTA,-0.00040181174157117005
TOTDY,-0.00040503261380738805
DSCSY,-0.0004053240624285867
PRMB,-0.00040759036579258767
BMO,-0.0004100838984702334
ITVPY,-0.0004177753361239893
BLDP,-0.0004199457641616536
BJ,-0.00043008826041941874
FN,-0.000431420467454218
CRGY,-0.0004378337424753287
TCOM,-0.0004397163748006557
ACM,-0.00044501471645449044
SAM,-0.00044626026156473854
PAR,-0.0004474748426287796
AMADY,-0.0004483170012027866
HSBC,-0.0004491247679516451
TCBI,-0.0004492035560981704
MITK,-0.0004509376633898528
ICUI,-0.00045358344549119105
LINE,-0.00045448356830106055
FLO,-0.0004584027866648744
BBVA,-0.00045873609241382443
QABSY,-0.0004629708333511772
TXT,-0.00046530694961039967
INGN,-0.000466551632286582
QLYS,-0.00046805284674491946
CRCL,-0.0004682698845662964
PEB,-0.00047646089979097513
NTNX,-0.00047865661287215693
DG,-0.00047947678906336516
LTH,-0.0004855567291161386
ASMB,-0.0004857184453956745
CC,-0.0004913683496381396
RNMBF,-0.0004921723030752546
MAC,-0.0004948687109454393
NHI,-0.0005042359867611871
ICON,-0.0005064874864142548
LEN,-0.0005097957033784317
Z,-0.0005102787190152528
AES,-0.0005110946555582815
INMD,-0.0005187042918462246
FOXA,-0.0005266909485703307
FHN,-0.0005281846412212465
RL,-0.000529045257077727
FANUF,-0.0005328534580435615
BOX,-0.0005365301074028823
HESAF,-0.0005377783522892627
KMI,-0.0005400150507013045
NVO,-0.0005409533310725961
PBI,-0.0005432645684098576
CELC,-0.0005494820589641753
HP,-0.0005495883370910445
NTDOF,-0.0005501910964828285
DOCS,-0.0005535262760152567
SIG,-0.0005582823665425191
TWLO,-0.0005625245196080469
HGV,-0.0005631800708504176
ZBH,-0.0005667359002944179
GEVO,-0.0005670942324200796
KHC,-0.0005760030899591578
ALKT,-0.0005792102298925587
DIFTY,-0.0005836568625793611
UNIT,-0.0005844770829477068
LEA,-0.0005969001952572442
BL,-0.0006098239436572015
IIPR,-0.0006130245570230159
DT,-0.0006166135909009999
TTNDY,-0.0006189651059347986
NEO,-0.0006264690511216021
USPH,-0.0006328166901139043
LBRDA,-0.0006425797752956679
NTES,-0.0006456777081392319
ASPN,-0.0006525909896387804
DJT,-0.0006622248569849231
EBS,-0.0006644398987564694
TRGP,-0.0006739181757594377
COF,-0.0006783120232044138
BNPQY,-0.0006787451976162107
GMAB,-0.0006896081398869273
CAPR,-0.0006922160516531198
KOD,-0.0006966566538941433
ALK,-0.0006979438455255176
CPB,-0.0007115436509550451
ALPMY,-0.000727827083245703
PBF,-0.00073539409495316
TCMD,-0.0007355315450841267
TREE,-0.0007387627951226912
IP,-0.0007422665597738387
UPST,-0.0007425269198605587
BGS,-0.0007473585540120756
INCY,-0.0007513832211678524
XYZ,-0.0007529808780863981
CTRM,-0.0007755330240598292
FSP,-0.0007904104773790425
SMPL,-0.0007997823349969843
SQM,-0.000800981944613503
WOR,-0.0008047541152821971
TSN,-0.0008111668895928739
PROF,-0.000819189089294528
AQB,-0.0008268548439198587
KTB,-0.0008307097565565621
REPYY,-0.0008354375766855617
TSCO,-0.0008423371324813873
CHGG,-0.0008462913312175836
WKHS,-0.000854855935535872
OCGN,-0.0008552797533555447
RHP,-0.0008788932846587195
AN,-0.0008804738207140528
BRO,-0.0008960362214095266
CLNE,-0.000897164108923633
OXBR,-0.0008986672500274049
CX,-0.0009029683111988892
CVLT,-0.0009110279684860298
BOIVF,-0.0009126624595384598
NTRS,-0.0009325519724651076
NXST,-0.0009370953202248776
BNTX,-0.0009397702868317061
PCRX,-0.0009424524599984372
LCID,-0.0009464433352040175
TRYIY,-0.0009477647960343339
AVAV,-0.00095570255939367
XIACF,-0.0009629528614998283
NFG,-0.0009655194074391554
LSCC,-0.0009755215097257751
APNHY,-0.0009780364291213956
KN,-0.0009802333256979671
XPO,-0.000989075644406436
EQT,-0.0009929448832714232
ELV,-0.0009953180198836553
NEWT,-0.0010187097676849625
DUOL,-0.0010263959763736454
KNOP,-0.0010354848570006347
FUBO,-0.0010496129011374725
DAN,-0.0010632976944900832
GOOS,-0.001096925164014849
ICAGY,-0.0010993857332162063
WBD,-0.0011408203596411882
OXY,-0.0011485584077822234
ROL,-0.0011575436802701861
HIPO,-0.0011685750554993432
CLB,-0.0011720772577974332
CARS,-0.0011830277765614854
ASC,-0.0011845266664883393
VUZI,-0.0011850284568572435
FNMA,-0.001202233626523116
CGC,-0.001215382826718727
LZ,-0.001220477893599224
LMND,-0.0012637001895202103
SSL,-0.0012815945537939038
AA,-0.0012884727526614962
VIOT,-0.001349787055246973
EDU,-0.001394690895358168
BIIB,-0.0014141673435125346
QMCO,-0.0014155726340451466
HELE,-0.0014179666805802732
OPK,-0.0014435586608296442
AAP,-0.0014966532170100262
DECK,-0.0015334564491581598
GAP,-0.0015509828755231928
QS,-0.0015660399453745122
PENN,-0.0015842548927823283
BAYRY,-0.0016071578888308723
CHWY,-0.0016230352335642694
PASO,-0.00163019581976675
VOD,-0.0016738273232921217
AHCO,-0.0016878341459713748
PRGO,-0.001722632704336053
XP,-0.0017432723630293196
NIO,-0.0018239038760835156
AEXAY,-0.0018842927793763843
BTI,-0.0019023407961799353
KSS,-0.0019094254344872194
GNRC,-0.0019690759278917927
CSGP,-0.002005536823247961
YEXT,-0.0020501508065244242
PSO,-0.002055952862664134
AMG,-0.002058284382718808
SBFM,-0.002083199649645329
ETSY,-0.00209342160873268
ARQT,-0.0021459753323006124
CHPT,-0.00217927428391441
SSYS,-0.0022702205417982975
BFH,-0.00228626178877994
THO,-0.0023287985687599254
FOXF,-0.0023886894092680568
TK,-0.0024687738813899424
FSLR,-0.00247044918369441
M,-0.002555279428807518
AFRM,-0.0025762937523792933
QRVO,-0.0027096597070500736
MTCH,-0.0027272378709384346
PLUG,-0.0027753720720929244
MOS,-0.00280929636848345
ERII,-0.0028507361151557994
LUV,-0.0028655016367631564
CRT,-0.0028847938918416163
RIVN,-0.0029382138379399963
GOGO,-0.0030075713329121546
FDX,-0.0031481092649509605
AI,-0.003411611433257569
HUYA,-0.003838156565437776
NGL,-0.003863679045170272
PSKY,-0.004047262952923482
SHLS,-0.004064628274335988
GNPX,-0.004376770924517733
BABA,-0.004668724446232614
GPRO,-0.004702030885429678
SLB,-0.004726952357540188
RBLX,-0.004902617095179279
SNAP,-0.00641384507678117
COIN,-0.0064806679753885875
PTON,-0.009911791914379096
CPRI,-0.010553338347851517
