event_day,mean_car,n
-60,0.002485873112108739,21358
-59,0.0021024204190557903,21359
-58,0.0019246966078102813,21361
-57,0.002048516228783274,21363
-56,0.002175485612060964,21366
-55,0.002193511129486568,21367
-54,0.0022122949739784366,21367
-53,0.0021918625526408907,21369
-52,0.0023302259940976237,21370
-51,0.0021601732141766587,21371
-50,0.0017305385931511612,21372
-49,0.0015342792896048856,21372
-48,0.0012172824595633543,21372
-47,0.0014283227864229627,21375
-46,0.0014458645456260199,21375
-45,0.0014472425807688873,21376
-44,0.001334079623599689,21378
-43,0.0014743621088463704,21379
-42,0.0014460722136096986,21382
-41,0.0010489047561913541,21391
-40,0.0012160596826257892,21392
-39,0.0013883128816390914,21393
-38,0.001476876927915503,21394
-37,0.0017000571792443325,21394
-36,0.0013777502083355763,21394
-35,0.0011239379583595245,21394
-34,0.001461658033462605,21394
-33,0.0013579299178506172,21393
-32,0.0012738151116382939,21394
-31,0.0008433756098324126,21394
-30,0.0011345260784162564,21394
-29,0.0006902764113729002,21394
-28,0.000971320551729847,21397
-27,0.0005129291378287801,21398
-26,0.0008567110817976173,21398
-25,0.0007011449375670534,21401
-24,0.00064900614098536,21406
-23,0.0007383506174625399,21407
-22,0.0007025872427673411,21405
-21,0.0006308095667351141,21405
-20,-0.00016139584013969647,21407
-19,0.0003669431024522639,21411
-18,0.0004965691011639601,21413
-17,8.338626370640086e-05,21414
-16,0.0005838891621396352,21415
-15,0.00038234866723143007,21416
-14,0.000470137346366804,21418
-13,0.000612155356414042,21419
-12,0.0010654516182955222,21421
-11,0.0008634693216409985,21422
-10,0.0008815495152552468,21422
-9,0.0004338837435463685,21422
-8,0.0003758043627893272,21424
-7,0.00040727761974391824,21425
-6,0.0004228148260463009,21427
-5,9.480476484957862e-05,21427
-4,4.4380028437928775e-05,21428
-3,-0.00023965373665737295,21428
-2,-0.0006459727800678609,21428
-1,-0.0008150810217351818,21428
0,-0.0005090259681074945,21428
1,0.0,21428
2,0.00042320348429998383,21428
3,0.00017681099761057695,21427
4,0.00040224309679891745,21427
5,0.0004351222098780993,21427
6,6.0485778208335325e-05,21427
7,0.0002494542569751539,21424
8,0.0005720157951373814,21420
9,0.0005831433972284519,21420
10,0.0006000917597577065,21413
11,0.0004738804680565955,21409
12,0.0008082956690021598,21408
13,0.0008847259166682771,21408
14,0.0004985392854619563,21408
15,0.0007743673313951153,21408
16,0.0007803148419020221,21402
17,0.0006551661805694828,21384
18,0.0008460641506323158,21380
19,0.00043198104603335476,21341
20,0.0008414382497971531,21341
21,0.0008114518777875761,21309
22,0.0010891882722130677,21309
23,0.0010545028790071573,21308
24,0.0013480117993641119,21308
25,0.0019016056157055749,21306
26,0.0017468668561285332,21296
27,0.001873231562655496,21295
28,0.0018840827980744824,21295
29,0.0016117872200024394,21295
30,0.0012611849653682498,20978
31,0.0014260512671347193,20978
32,0.0013555402337604222,20966
33,0.0016756230606949402,20965
34,0.0012916451289549425,20957
35,0.001646389113844332,20957
36,0.0019309621644978598,20954
37,0.0014343731801279042,20954
38,0.001285964251061607,20951
39,0.001403263824843595,20947
40,0.0015695562641949616,20933
41,0.0011638959729795523,20929
42,0.0011926831589060259,20886
43,0.0015020178339649939,20884
44,0.0013002933445874956,20883
45,0.0010553019065411232,20883
46,0.000430287546774699,20880
47,0.0007947623182500937,20878
48,0.00083704178930217,20878
49,0.0004974897071608336,20878
50,0.000644179968376982,20876
51,0.0003783353195070103,20874
52,0.0006097243028302252,20874
53,0.0007043085477436929,20870
54,0.00031847409913647335,20870
55,0.0006667527845166214,20865
56,0.0007533035435869206,20864
57,0.0004480236824733058,20863
58,0.0004041058094869641,20863
59,0.0004300480564691494,20798
60,0.0007773532593315501,20772
61,0.0007638086253768559,20772
62,0.0008454440018493003,20750
63,0.0005605709169178407,20749
64,0.000575075943297552,20748
65,0.0006311180316842841,20748
66,0.000645519111717244,20744
67,0.0006318872192891329,20743
68,0.0007014535805642244,20743
69,0.0005642487579789746,20742
70,0.00020643710549416274,20742
71,0.00017554845300639822,20739
72,-0.00012660290807273242,20730
73,0.0001644213002706691,20730
74,3.908281083550482e-05,20729
75,2.0260484892483614e-05,20729
76,-0.00020642118823556606,20722
77,-0.00011056347149556497,20722
78,5.163183300930683e-05,20721
79,8.217572713850336e-06,20658
80,-2.3751031733789014e-05,20654
81,0.00019361447576927288,20642
82,5.1303140673011807e-05,20642
83,-0.00011021741098786149,20642
84,0.00013633689826557643,20642
85,-3.682482381292063e-05,20613
86,2.618165349734013e-05,20613
87,-7.914930520208771e-05,20613
88,-0.00018513387054040287,20613
89,-0.0003550467213456199,20612
90,-0.0003817788399390334,20612
91,-0.00014432406862895618,20612
92,-0.0003832020781651098,20591
93,-0.0005171887027914869,20590
94,-0.0008165541892553398,20590
95,-0.0006791158581890421,20590
96,-0.000999354817348412,20581
97,-0.0008333293912573085,20577
98,-0.0007808241980056096,20574
99,-0.00045235605379851176,20574
100,-7.715958619674895e-05,20574
101,-0.0005441709746604314,20564
102,-0.0009694041267670202,20469
103,-0.0012680077917495316,20427
104,-0.0014564989041688488,20426
105,-0.0017335849046861956,20426
106,-0.0014777295497272096,20426
107,-0.0010966408504264548,20426
108,-0.0009986455753900453,20426
109,-0.0010212280188481465,20426
110,-0.001263914653825529,20426
111,-0.0013951597964563796,20418
112,-0.001971729029879318,20418
113,-0.0017060761135035771,20411
114,-0.0017394245023440013,20410
115,-0.0019241569942925734,20408
116,-0.002295444730242224,20407
117,-0.002062072090912268,20397
118,-0.0021009168176767765,20397
119,-0.0018956876897553545,20375
120,-0.0017039639953245894,20373
121,-0.001513465118644826,20356
122,-0.0012075820911095284,20317
123,-0.0010505790404430242,20302
124,-0.0007039277011454247,20301
125,-0.0005324112778267612,20298
126,-0.0004382847270250072,20298
127,-5.255922844889368e-05,20287
