portfolio,model,n_days,alpha_ann,alpha_t,alpha_p,r2,b_Mkt-RF,t_Mkt-RF,b_SMB,t_SMB,b_HML,t_HML,b_RMW,t_RMW,b_CMA,t_CMA,b_Mom,t_Mom
trade_date,CAPM,3125,0.0019153127059955055,0.16464057109382882,0.8692268958338736,0.9477562400589171,0.9941088793580485,114.82388555958936,,,,,,,,,,
trade_date,FF3,3125,0.007377808529150562,0.8050005321912413,0.4208193726793248,0.9668271891402376,0.986169132734045,169.98001670557403,0.14917255006019514,14.399830885197812,0.11611582520256643,10.956359613723832,,,,,,
trade_date,FF5,3125,0.008167051646050872,0.8961625478465219,0.3701659551057821,0.9670844295433635,0.9863610167683137,178.71491483261445,0.14142201345176436,13.076251750097729,0.11585485391597884,8.363912130002037,-0.03325881843947843,-2.439632656704641,0.027447209861062413,1.4516755192863298,,
trade_date,FF5+Mom,3125,0.010750540788058408,1.2214921178164826,0.22189974818889635,0.9703171712603295,0.9825398473550586,174.42333775241494,0.11507031827085834,9.402846257077774,0.09060531294380024,7.048856654813124,-0.05068444264065503,-4.14102875088376,0.053054516885369746,2.9093426181686555,-0.06573380015935988,-7.796316801837386
filing_date,CAPM,3125,-0.0004800394875196082,-0.03938584024334942,0.9685827689995045,0.9429140036652379,0.9970311830509898,116.07686955239481,,,,,,,,,,
filing_date,FF3,3125,0.00545854707542495,0.5584727604236626,0.5765216001378433,0.9635598551082127,0.9876215716551484,166.87786790785702,0.1623474021969629,14.595504613679157,0.11654125242751293,10.62043652966284,,,,,,
filing_date,FF5,3125,0.0061291811235023525,0.6303782473164657,0.5284471393795944,0.9636991163855461,0.986984910394501,170.6900621357731,0.1555462312328311,13.394030463633927,0.11922641991106399,8.337882745172367,-0.02726613490464196,-1.878794382658098,0.013212361427942462,0.6364634302046807,,
filing_date,FF5+Mom,3125,0.009219317356668163,0.9938742587290605,0.32028408779347706,0.9682735658607007,0.9824143728741539,172.50995432424838,0.1240267149477652,9.363331970119692,0.08902520088513663,6.973109235047175,-0.048109091762476255,-3.814852379144272,0.043841507872918455,2.223834208623289,-0.07862483116848844,-8.938526520822332
sells_filing_date,CAPM,3125,-0.01978969334214318,-1.1074372718234478,0.2681049188605521,0.8925991963646802,1.0061450443156403,78.88223700863652,,,,,,,,,,
sells_filing_date,FF3,3125,-0.012985471353387542,-0.8069893411644239,0.4196726240900981,0.9120413264358442,0.9924204807474681,94.84685293357398,0.1866685171591504,16.444677308842305,0.09684474283252827,6.5332171054933985,,,,,,
sells_filing_date,FF5,3125,-0.013246209218854393,-0.8289845989942761,0.4071131220675269,0.9120728313181309,0.9941001252032143,105.16170372512484,0.18969850422881476,14.412647593809563,0.09059506834064479,4.9358768061295155,0.008819972644552669,0.4272797701103022,0.012968119827674733,0.47430749277100853,,
sells_filing_date,FF5+Mom,3125,-0.008499319464934827,-0.5502508464980125,0.5821473329165211,0.9221070272519671,0.9870791280405801,92.01078452634093,0.1412800340992354,10.415136166489695,0.04420169072473911,2.5116018738462156,-0.023197780258314874,-1.4412424147324763,0.060018854960410324,2.3398858020219504,-0.12077894866611259,-11.637279237903831
delay_cost,CAPM,3125,0.0023953521935150715,0.6860862027288795,0.4926587508872803,0.0016438112956189688,-0.002922303692941153,-1.2646828257347587,,,,,,,,,,
delay_cost,FF3,3125,0.0019192614537256085,0.5480064065642158,0.583687503831297,0.01347882126657185,-0.0014524389211031535,-0.6594866952391567,-0.013174852136767777,-3.52263510443816,-0.00042542722494654455,-0.10282060308475148,,,,,,
delay_cost,FF5,3125,0.0020378705225484704,0.5831125108439806,0.559817562152529,0.01891882201094741,-0.0006238936261872182,-0.2953992192501207,-0.014124217781066782,-3.938866373973232,-0.0033715659950852178,-0.8307079719369261,-0.005992683534836306,-1.3976304039202676,0.014234848433119967,2.1561255720060064,,
delay_cost,FF5+Mom,3125,0.0015312234313902896,0.442709059180106,0.6579761889909718,0.04387288996869032,0.0001254744809049835,0.06282800406916353,-0.0089563966769069,-2.348921496799791,0.0015801120586636272,0.4190754941061773,-0.0025753508781787087,-0.6532286934308726,0.00921300901245137,1.4997492029139863,0.012891031009128551,4.657511710497171
buys_minus_sells,CAPM,3125,0.0193096538546236,1.379100729910059,0.16786369884751828,0.0011285823620437174,-0.009113861264651189,-1.195144621593407,,,,,,,,,,
buys_minus_sells,FF3,3125,0.018444018428812475,1.3236428648032976,0.18562168207657337,0.00530957414318034,-0.004798909092319537,-0.6023862057246596,-0.024321114962187505,-2.835965668363056,0.019696509594984552,1.9801934418785847,,,,,,
buys_minus_sells,FF5,3125,0.01937539034235674,1.4016189032970376,0.1610290790666551,0.008488768781858114,-0.007115214808713335,-0.9541812690965426,-0.03415227299598374,-3.7144881978294375,0.02863135157041933,2.773155318753103,-0.03608610754919481,-3.0573578925199585,0.000244241600267824,0.017317979117282205,,
buys_minus_sells,FF5+Mom,3125,0.017718636821602966,1.2816522878315442,0.19996464909497635,0.0273240980284154,-0.004664755166426537,-0.5751724539104195,-0.0172533191514701,-2.1230811742716114,0.044823510160397505,4.310321786287467,-0.024911311504161343,-2.47279455627089,-0.016177347087491887,-1.1967593083815484,0.042154117497624224,5.146284366203821
