slice,group,portfolio,n_buys,ann_return,sharpe,alpha_ann,alpha_t,alpha_p,b_Mkt-RF,b_Mom,alpha_p_holm
House only,chamber,trade_date,17986.0,0.13352139707565835,0.6769289257600564,0.006462429708479678,0.6545668296643492,0.5127466863364061,0.973984150476825,-0.06910445887015655,1.0
House only,chamber,filing_date,17986.0,0.1282373120309448,0.6342568829917644,-6.80033726970415e-05,-0.006735292075438555,0.9946260550712894,0.9705486062355166,-0.08436799562160756,1.0
Senate only,chamber,trade_date,3576.0,0.1594302926143636,0.7379138214473832,0.02221088431040214,1.3612827108479524,0.17342436454469423,1.0530939044170566,-0.04914430695389711,1.0
Senate only,chamber,filing_date,3576.0,0.15727180249697903,0.7300265209821183,0.021599417816124154,1.3086621305348072,0.19064882486908818,1.0482099658381614,-0.06318015760863206,1.0
Democrats,party,trade_date,10333.0,0.13322059437726774,0.6653689192501423,0.002722868675927553,0.26913668216806336,0.7878245032048651,0.9899326524686795,-0.0537600014006146,1.0
Democrats,party,filing_date,10333.0,0.1287617681344737,0.6407431899232798,6.0310270512225674e-05,0.005658527965900869,0.9954851719924829,0.9890093917329894,-0.07669303001680126,1.0
Republicans,party,trade_date,11187.0,0.14144131975045404,0.7077605716541836,0.015957320232335627,1.3921019697795434,0.16389152186307165,0.9735345699459802,-0.08036091684583709,1.0
Republicans,party,filing_date,11187.0,0.1418224957837444,0.7078219862532564,0.016611789681289967,1.3413165683837216,0.1798176927031534,0.9730855522171592,-0.07913977821068796,1.0
Member / joint accounts,owner,trade_date,15857.0,0.14220176079771996,0.7108754086813398,0.015365861502034988,1.558965053926984,0.11900465154258859,0.9787678189460222,-0.08512756740718411,1.0
Member / joint accounts,owner,filing_date,15857.0,0.1389222291704233,0.6910913741020599,0.013284029094575395,1.2712739931930157,0.20363119103975502,0.9793793203274439,-0.10075440368652881,1.0
Spouse / child accounts,owner,trade_date,5705.0,0.13472938380462063,0.6785689921038202,0.0011862257265344283,0.10371772420244525,0.917393360636054,0.9927607751562411,-0.015488215043938103,1.0
Spouse / child accounts,owner,filing_date,5705.0,0.14079449002232902,0.7097451129910699,0.007670689756810634,0.6672297447880244,0.504625394260905,0.9858374218613994,-0.0235053204847607,1.0
Trades >= $15k,size,trade_date,4531.0,0.13440034811279378,0.6442340638944334,0.005332620285681943,0.42137026322004123,0.673484729988959,1.0202130035551173,-0.06206580078557132,1.0
Trades >= $15k,size,filing_date,4531.0,0.11826863444074553,0.5726719181966827,-0.0067143816568523244,-0.4822682977588736,0.6296153648735634,1.00474633681808,-0.08220157762100487,1.0
Excluding top-5 names,concentration,trade_date,20167.0,0.1262245423063968,0.6407566326113202,0.0033833625180167415,0.33903039448809896,0.7345868332003695,0.9630154567770651,-0.07561977490008137,1.0
Excluding top-5 names,concentration,filing_date,20167.0,0.1233746233368116,0.6239688831696854,0.0013945009342693315,0.1350847271546398,0.8925448854552718,0.9639477903270911,-0.08950495644948522,1.0
Excluding NVDA,concentration,trade_date,21327.0,0.1346303050592894,0.6817138933551533,0.007842370086447184,0.8621241147696221,0.38861922260752846,0.9733816409476919,-0.06894226001403662,1.0
Excluding NVDA,concentration,filing_date,21327.0,0.13266365088164322,0.669346905021606,0.006692398428369194,0.7011607674341452,0.48320269064253285,0.9737394670796728,-0.08174946426251122,1.0
Excluding Technology sector,concentration,trade_date,17501.0,0.12159396410164591,0.6326929147157971,0.0028299334752272236,0.24295333990682705,0.8080415439135141,0.9229165608776724,-0.08551137117962479,1.0
Excluding Technology sector,concentration,filing_date,17501.0,0.11932128479426374,0.6188082977567857,0.0013641556417051286,0.11339170451061811,0.9097200161370357,0.9224511924353377,-0.09543302060096726,1.0
Dollar-weighted (low end),weighting,trade_date,21562.0,0.16510747939629056,0.7411100149664558,0.02346320666427235,1.204911766534781,0.228237365709396,1.0877083496644713,-0.003027436527554652,1.0
Dollar-weighted (low end),weighting,filing_date,21562.0,0.15757436930712987,0.7174175941837345,0.016896919107386853,0.8550569292962555,0.39251963217336805,1.0853415390453478,-0.021492872610922507,1.0
Dollar-weighted (midpoint),weighting,trade_date,21562.0,0.15760732660198817,0.7265711545789666,0.016590991374218825,0.9816551792891616,0.32626975339610353,1.075001047199938,-0.006056215985969014,1.0
Dollar-weighted (midpoint),weighting,filing_date,21562.0,0.1549205194532297,0.7200812038553481,0.014173701793616822,0.8264116713054178,0.40857060494034614,1.07553951243195,-0.024664891780854167,1.0
Dollar-weighted (high end),weighting,trade_date,21562.0,0.15540878746109876,0.7203789472240342,0.014604995243765524,0.8876993325952007,0.3747025050131597,1.0722705909828563,-0.006896221205264332,1.0
Dollar-weighted (high end),weighting,filing_date,21562.0,0.1537528141503679,0.7177907657797646,0.01308867265784833,0.7848013266575392,0.4325700621678944,1.0733247699287705,-0.025748066078686762,1.0
Hold 1 month,holding,trade_date,21562.0,0.12416728237407249,0.6149579951321511,-0.0021846810951061985,-0.16892598387096452,0.8658548607291167,0.9901373977148137,-0.06373275010675408,1.0
Hold 1 month,holding,filing_date,21562.0,0.13526851241704474,0.6685238522747498,0.007839574312027814,0.5300082828527116,0.5961061880070067,0.9852671376385418,-0.05972546884177079,1.0
Hold 3 months,holding,trade_date,21562.0,0.13752262306537455,0.6899550431996007,0.008819728304093163,0.8989420634025114,0.36868352135084725,0.9854208993079385,-0.05416958144696033,1.0
Hold 3 months,holding,filing_date,21562.0,0.13889446146320394,0.6958307572364703,0.01057167729442489,1.0452575060195315,0.29590397176039096,0.983222876301723,-0.06276586227488555,1.0
Hold 12 months,holding,trade_date,21562.0,0.13764655397453107,0.6922051429384423,0.009620236199770378,1.1615937795122198,0.24540051002584884,0.9829061749110872,-0.08658867036494733,1.0
Hold 12 months,holding,filing_date,21562.0,0.13699878318550884,0.687233550635499,0.00979903922163684,1.1493074259277782,0.2504292371181642,0.9811105211467188,-0.10072600840623795,1.0
Exit when member's sale is known,holding,trade_date,21562.0,0.13112572137824596,0.6717312625888475,0.0028725418040453266,0.37272921102671497,0.709349993349139,0.9709319788931476,-0.06569808174081418,1.0
Exit when member's sale is known,holding,filing_date,21562.0,0.1349156122495978,0.6865098753612802,0.007109430769950144,0.8790831284443357,0.37935620485849,0.9725554662491573,-0.0844524562088991,1.0
Subperiod 2014-2017,subperiod,trade_date,,0.1270184629998219,0.9865730035742787,0.006112697772907411,0.5601324478207771,0.5753890995056081,1.0217069347804661,-0.08791065142867635,1.0
Subperiod 2014-2017,subperiod,filing_date,,0.13692016721130607,1.0424747929636073,0.014650177431818238,1.1409795664890685,0.2538784263102317,1.0248757297216367,-0.09571004748497353,1.0
Subperiod 2018-2021,subperiod,trade_date,,0.17938963846981792,0.7825259108163755,0.020022689585729236,1.3990840312597208,0.16178778573013297,0.9872676090707784,-0.06437246384737128,1.0
Subperiod 2018-2021,subperiod,filing_date,,0.17275774143606992,0.7581429800531043,0.015295242232042575,1.0699200054955742,0.2846553173688612,0.9836550862282175,-0.07158706811788694,1.0
Subperiod 2022-2026,subperiod,trade_date,,0.11597915483168264,0.4847941555595691,0.003468620517155909,0.24767493091230816,0.8043859298625922,0.9614342032280981,-0.08769511281523128,1.0
Subperiod 2022-2026,subperiod,filing_date,,0.10693156853362629,0.4353128489019595,-0.002877154277039953,-0.19302789273655915,0.8469371236196039,0.9640763495675869,-0.10239925725328754,1.0
